ISO-10303-21;
HEADER;
FILE_DESCRIPTION(('FreeCAD Model'),'2;1');
FILE_NAME('Open CASCADE Shape Model','2026-05-12T19:33:33',(''),(''),
  'Open CASCADE STEP processor 7.7','FreeCAD','Unknown');
FILE_SCHEMA(('AUTOMOTIVE_DESIGN { 1 0 10303 214 1 1 1 1 }'));
ENDSEC;
DATA;
#1 = APPLICATION_PROTOCOL_DEFINITION('international standard',
  'automotive_design',2000,#2);
#2 = APPLICATION_CONTEXT(
  'core data for automotive mechanical design processes');
#3 = SHAPE_DEFINITION_REPRESENTATION(#4,#10);
#4 = PRODUCT_DEFINITION_SHAPE('','',#5);
#5 = PRODUCT_DEFINITION('design','',#6,#9);
#6 = PRODUCT_DEFINITION_FORMATION('','',#7);
#7 = PRODUCT('KnobVariant','KnobVariant','',(#8));
#8 = PRODUCT_CONTEXT('',#2,'mechanical');
#9 = PRODUCT_DEFINITION_CONTEXT('part definition',#2,'design');
#10 = ADVANCED_BREP_SHAPE_REPRESENTATION('',(#11,#15),#2524);
#11 = AXIS2_PLACEMENT_3D('',#12,#13,#14);
#12 = CARTESIAN_POINT('',(0.,0.,0.));
#13 = DIRECTION('',(0.,0.,1.));
#14 = DIRECTION('',(1.,0.,-0.));
#15 = MANIFOLD_SOLID_BREP('',#16);
#16 = CLOSED_SHELL('',(#17,#563,#588,#606,#638,#655,#687,#719,#736,#753,
    #785,#817,#834,#851,#883,#915,#932,#949,#981,#1013,#1030,#1047,#1079
    ,#1111,#1128,#1145,#1177,#1209,#1226,#1243,#1275,#1307,#1324,#1341,
    #1373,#1405,#1422,#1439,#1471,#1503,#1520,#1529,#1547,#1903,#1921,
    #1939,#1957,#1975,#1993,#2011,#2029,#2047,#2065,#2083,#2101,#2119,
    #2137,#2155,#2173,#2191,#2209,#2227,#2239,#2250,#2261,#2272,#2283,
    #2294,#2305,#2316,#2327,#2338,#2349,#2360,#2371,#2382,#2393,#2404,
    #2415,#2426,#2437,#2465,#2496,#2514));
#17 = ADVANCED_FACE('',(#18),#558,.T.);
#18 = FACE_BOUND('',#19,.F.);
#19 = EDGE_LOOP('',(#20,#30,#39,#48,#57,#66,#75,#84,#93,#102,#111,#120,
    #129,#138,#147,#156,#165,#174,#183,#192,#201,#210,#219,#228,#237,
    #246,#255,#264,#273,#282,#291,#300,#309,#318,#327,#336,#345,#354,
    #363,#372,#381,#390,#399,#408,#417,#426,#435,#444,#453,#462,#471,
    #480,#489,#498,#507,#516,#525,#534,#543,#550,#551));
#20 = ORIENTED_EDGE('',*,*,#21,.F.);
#21 = EDGE_CURVE('',#22,#24,#26,.T.);
#22 = VERTEX_POINT('',#23);
#23 = CARTESIAN_POINT('',(6.225,0.,12.));
#24 = VERTEX_POINT('',#25);
#25 = CARTESIAN_POINT('',(6.225,0.,12.2));
#26 = LINE('',#27,#28);
#27 = CARTESIAN_POINT('',(6.225,0.,12.));
#28 = VECTOR('',#29,1.);
#29 = DIRECTION('',(0.,0.,1.));
#30 = ORIENTED_EDGE('',*,*,#31,.F.);
#31 = EDGE_CURVE('',#32,#22,#34,.T.);
#32 = VERTEX_POINT('',#33);
#33 = CARTESIAN_POINT('',(6.125801765869,-1.106877466241,12.));
#34 = CIRCLE('',#35,6.225);
#35 = AXIS2_PLACEMENT_3D('',#36,#37,#38);
#36 = CARTESIAN_POINT('',(0.,0.,12.));
#37 = DIRECTION('',(0.,0.,1.));
#38 = DIRECTION('',(1.,0.,0.));
#39 = ORIENTED_EDGE('',*,*,#40,.F.);
#40 = EDGE_CURVE('',#41,#32,#43,.T.);
#41 = VERTEX_POINT('',#42);
#42 = CARTESIAN_POINT('',(5.914297302645,-1.942089703367,12.));
#43 = CIRCLE('',#44,6.225);
#44 = AXIS2_PLACEMENT_3D('',#45,#46,#47);
#45 = CARTESIAN_POINT('',(-7.150231130878E-24,5.924850435736E-25,12.));
#46 = DIRECTION('',(0.,0.,1.));
#47 = DIRECTION('',(-8.257934547233E-02,-0.996584493007,0.));
#48 = ORIENTED_EDGE('',*,*,#49,.F.);
#49 = EDGE_CURVE('',#50,#41,#52,.T.);
#50 = VERTEX_POINT('',#51);
#51 = CARTESIAN_POINT('',(5.911798120801,-1.94968407156,12.));
#52 = CIRCLE('',#53,6.225);
#53 = AXIS2_PLACEMENT_3D('',#54,#55,#56);
#54 = CARTESIAN_POINT('',(-7.150231130878E-24,5.924850435736E-25,12.));
#55 = DIRECTION('',(0.,0.,1.));
#56 = DIRECTION('',(-8.257934547233E-02,-0.996584493007,0.));
#57 = ORIENTED_EDGE('',*,*,#58,.F.);
#58 = EDGE_CURVE('',#59,#50,#61,.T.);
#59 = VERTEX_POINT('',#60);
#60 = CARTESIAN_POINT('',(5.434486403636,-3.035948373852,12.));
#61 = CIRCLE('',#62,6.225);
#62 = AXIS2_PLACEMENT_3D('',#63,#64,#65);
#63 = CARTESIAN_POINT('',(0.,0.,12.));
#64 = DIRECTION('',(0.,0.,1.));
#65 = DIRECTION('',(1.,0.,0.));
#66 = ORIENTED_EDGE('',*,*,#67,.F.);
#67 = EDGE_CURVE('',#68,#59,#70,.T.);
#68 = VERTEX_POINT('',#69);
#69 = CARTESIAN_POINT('',(4.963248865555,-3.757231121261,12.));
#70 = CIRCLE('',#71,6.225);
#71 = AXIS2_PLACEMENT_3D('',#72,#73,#74);
#72 = CARTESIAN_POINT('',(-6.570432306569E-24,2.882058822549E-24,12.));
#73 = DIRECTION('',(0.,0.,1.));
#74 = DIRECTION('',(-0.401695424653,-0.915773326655,0.));
#75 = ORIENTED_EDGE('',*,*,#76,.F.);
#76 = EDGE_CURVE('',#77,#68,#79,.T.);
#77 = VERTEX_POINT('',#78);
#78 = CARTESIAN_POINT('',(4.958419208955,-3.76360252262,12.));
#79 = CIRCLE('',#80,6.225);
#80 = AXIS2_PLACEMENT_3D('',#81,#82,#83);
#81 = CARTESIAN_POINT('',(-6.570432306569E-24,2.882058822549E-24,12.));
#82 = DIRECTION('',(0.,0.,1.));
#83 = DIRECTION('',(-0.401695424653,-0.915773326655,0.));
#84 = ORIENTED_EDGE('',*,*,#85,.F.);
#85 = EDGE_CURVE('',#86,#77,#88,.T.);
#86 = VERTEX_POINT('',#87);
#87 = CARTESIAN_POINT('',(4.154260114825,-4.636027167563,12.));
#88 = CIRCLE('',#89,6.225);
#89 = AXIS2_PLACEMENT_3D('',#90,#91,#92);
#90 = CARTESIAN_POINT('',(0.,0.,12.));
#91 = DIRECTION('',(0.,0.,1.));
#92 = DIRECTION('',(1.,0.,0.));
#93 = ORIENTED_EDGE('',*,*,#94,.F.);
#94 = EDGE_CURVE('',#95,#86,#97,.T.);
#95 = VERTEX_POINT('',#96);
#96 = CARTESIAN_POINT('',(3.47435540114,-5.165218247719,12.));
#97 = CIRCLE('',#98,6.225);
#98 = AXIS2_PLACEMENT_3D('',#99,#100,#101);
#99 = CARTESIAN_POINT('',(-5.278625191082E-24,4.85931680835E-24,12.));
#100 = DIRECTION('',(0.,0.,1.));
#101 = DIRECTION('',(-0.677281571626,-0.735723910673,0.));
#102 = ORIENTED_EDGE('',*,*,#103,.F.);
#103 = EDGE_CURVE('',#104,#95,#106,.T.);
#104 = VERTEX_POINT('',#105);
#105 = CARTESIAN_POINT('',(3.467718638017,-5.169676242044,12.));
#106 = CIRCLE('',#107,6.225);
#107 = AXIS2_PLACEMENT_3D('',#108,#109,#110);
#108 = CARTESIAN_POINT('',(-5.278625191082E-24,4.85931680835E-24,12.));
#109 = DIRECTION('',(0.,0.,1.));
#110 = DIRECTION('',(-0.677281571626,-0.735723910673,0.));
#111 = ORIENTED_EDGE('',*,*,#112,.F.);
#112 = EDGE_CURVE('',#113,#104,#115,.T.);
#113 = VERTEX_POINT('',#114);
#114 = CARTESIAN_POINT('',(2.423855282584,-5.733720482295,12.));
#115 = CIRCLE('',#116,6.225);
#116 = AXIS2_PLACEMENT_3D('',#117,#118,#119);
#117 = CARTESIAN_POINT('',(0.,0.,12.));
#118 = DIRECTION('',(0.,0.,1.));
#119 = DIRECTION('',(1.,0.,0.));
#120 = ORIENTED_EDGE('',*,*,#121,.F.);
#121 = EDGE_CURVE('',#122,#113,#124,.T.);
#122 = VERTEX_POINT('',#123);
#123 = CARTESIAN_POINT('',(1.608961618833,-6.013473830418,12.));
#124 = CIRCLE('',#125,6.225);
#125 = AXIS2_PLACEMENT_3D('',#126,#127,#128);
#126 = CARTESIAN_POINT('',(-3.414797129832E-24,6.309992417898E-24,12.));
#127 = DIRECTION('',(0.,0.,1.));
#128 = DIRECTION('',(-0.879473751206,-0.475947393037,0.));
#129 = ORIENTED_EDGE('',*,*,#130,.F.);
#130 = EDGE_CURVE('',#131,#122,#133,.T.);
#131 = VERTEX_POINT('',#132);
#132 = CARTESIAN_POINT('',(1.601236945451,-6.01553532485,12.));
#133 = CIRCLE('',#134,6.225);
#134 = AXIS2_PLACEMENT_3D('',#135,#136,#137);
#135 = CARTESIAN_POINT('',(-3.414797129832E-24,6.309992417898E-24,12.));
#136 = DIRECTION('',(0.,0.,1.));
#137 = DIRECTION('',(-0.879473751206,-0.475947393037,0.));
#138 = ORIENTED_EDGE('',*,*,#139,.F.);
#139 = EDGE_CURVE('',#140,#131,#142,.T.);
#140 = VERTEX_POINT('',#141);
#141 = CARTESIAN_POINT('',(0.430788120486,-6.210076214931,12.));
#142 = CIRCLE('',#143,6.225);
#143 = AXIS2_PLACEMENT_3D('',#144,#145,#146);
#144 = CARTESIAN_POINT('',(0.,0.,12.));
#145 = DIRECTION('',(0.,0.,1.));
#146 = DIRECTION('',(1.,0.,0.));
#147 = ORIENTED_EDGE('',*,*,#148,.F.);
#148 = EDGE_CURVE('',#149,#140,#151,.T.);
#149 = VERTEX_POINT('',#150);
#150 = CARTESIAN_POINT('',(-0.430788120486,-6.210076214931,12.));
#151 = CIRCLE('',#152,6.225);
#152 = AXIS2_PLACEMENT_3D('',#153,#154,#155);
#153 = CARTESIAN_POINT('',(-1.180922813528E-24,7.076882439346E-24,12.));
#154 = DIRECTION('',(0.,0.,1.));
#155 = DIRECTION('',(-0.986361303403,-0.164594590281,0.));
#156 = ORIENTED_EDGE('',*,*,#157,.F.);
#157 = EDGE_CURVE('',#158,#149,#160,.T.);
#158 = VERTEX_POINT('',#159);
#159 = CARTESIAN_POINT('',(-0.438763615905,-6.209517814562,12.));
#160 = CIRCLE('',#161,6.225);
#161 = AXIS2_PLACEMENT_3D('',#162,#163,#164);
#162 = CARTESIAN_POINT('',(-1.180922813528E-24,7.076882439346E-24,12.));
#163 = DIRECTION('',(0.,0.,1.));
#164 = DIRECTION('',(-0.986361303403,-0.164594590281,0.));
#165 = ORIENTED_EDGE('',*,*,#166,.F.);
#166 = EDGE_CURVE('',#167,#158,#169,.T.);
#167 = VERTEX_POINT('',#168);
#168 = CARTESIAN_POINT('',(-1.608961618833,-6.013473830418,12.));
#169 = CIRCLE('',#170,6.225);
#170 = AXIS2_PLACEMENT_3D('',#171,#172,#173);
#171 = CARTESIAN_POINT('',(0.,0.,12.));
#172 = DIRECTION('',(0.,0.,1.));
#173 = DIRECTION('',(1.,0.,0.));
#174 = ORIENTED_EDGE('',*,*,#175,.F.);
#175 = EDGE_CURVE('',#176,#167,#178,.T.);
#176 = VERTEX_POINT('',#177);
#177 = CARTESIAN_POINT('',(-2.423855282584,-5.733720482295,12.));
#178 = CIRCLE('',#179,6.225);
#179 = AXIS2_PLACEMENT_3D('',#180,#181,#182);
#180 = CARTESIAN_POINT('',(1.180922813528E-24,7.076882439346E-24,12.));
#181 = DIRECTION('',(0.,0.,1.));
#182 = DIRECTION('',(-0.986361303403,0.164594590281,0.));
#183 = ORIENTED_EDGE('',*,*,#184,.F.);
#184 = EDGE_CURVE('',#185,#176,#187,.T.);
#185 = VERTEX_POINT('',#186);
#186 = CARTESIAN_POINT('',(-2.431217331359,-5.730602698469,12.));
#187 = CIRCLE('',#188,6.225);
#188 = AXIS2_PLACEMENT_3D('',#189,#190,#191);
#189 = CARTESIAN_POINT('',(1.180922813528E-24,7.076882439346E-24,12.));
#190 = DIRECTION('',(0.,0.,1.));
#191 = DIRECTION('',(-0.986361303403,0.164594590281,0.));
#192 = ORIENTED_EDGE('',*,*,#193,.F.);
#193 = EDGE_CURVE('',#194,#185,#196,.T.);
#194 = VERTEX_POINT('',#195);
#195 = CARTESIAN_POINT('',(-3.47435540114,-5.165218247719,12.));
#196 = CIRCLE('',#197,6.225);
#197 = AXIS2_PLACEMENT_3D('',#198,#199,#200);
#198 = CARTESIAN_POINT('',(0.,0.,12.));
#199 = DIRECTION('',(0.,0.,1.));
#200 = DIRECTION('',(1.,0.,0.));
#201 = ORIENTED_EDGE('',*,*,#202,.F.);
#202 = EDGE_CURVE('',#203,#194,#205,.T.);
#203 = VERTEX_POINT('',#204);
#204 = CARTESIAN_POINT('',(-4.154260114825,-4.636027167563,12.));
#205 = CIRCLE('',#206,6.225);
#206 = AXIS2_PLACEMENT_3D('',#207,#208,#209);
#207 = CARTESIAN_POINT('',(3.414797129832E-24,6.309992417898E-24,12.));
#208 = DIRECTION('',(0.,0.,1.));
#209 = DIRECTION('',(-0.879473751206,0.475947393037,0.));
#210 = ORIENTED_EDGE('',*,*,#211,.F.);
#211 = EDGE_CURVE('',#212,#203,#214,.T.);
#212 = VERTEX_POINT('',#213);
#213 = CARTESIAN_POINT('',(-4.160210924737,-4.630687860535,12.));
#214 = CIRCLE('',#215,6.225);
#215 = AXIS2_PLACEMENT_3D('',#216,#217,#218);
#216 = CARTESIAN_POINT('',(3.414797129832E-24,6.309992417898E-24,12.));
#217 = DIRECTION('',(0.,0.,1.));
#218 = DIRECTION('',(-0.879473751206,0.475947393037,0.));
#219 = ORIENTED_EDGE('',*,*,#220,.F.);
#220 = EDGE_CURVE('',#221,#212,#223,.T.);
#221 = VERTEX_POINT('',#222);
#222 = CARTESIAN_POINT('',(-4.963248865555,-3.757231121261,12.));
#223 = CIRCLE('',#224,6.225);
#224 = AXIS2_PLACEMENT_3D('',#225,#226,#227);
#225 = CARTESIAN_POINT('',(0.,0.,12.));
#226 = DIRECTION('',(0.,0.,1.));
#227 = DIRECTION('',(1.,0.,0.));
#228 = ORIENTED_EDGE('',*,*,#229,.F.);
#229 = EDGE_CURVE('',#230,#221,#232,.T.);
#230 = VERTEX_POINT('',#231);
#231 = CARTESIAN_POINT('',(-5.434486403636,-3.035948373852,12.));
#232 = CIRCLE('',#233,6.225);
#233 = AXIS2_PLACEMENT_3D('',#234,#235,#236);
#234 = CARTESIAN_POINT('',(5.278625191082E-24,4.85931680835E-24,12.));
#235 = DIRECTION('',(0.,0.,1.));
#236 = DIRECTION('',(-0.677281571626,0.735723910673,0.));
#237 = ORIENTED_EDGE('',*,*,#238,.F.);
#238 = EDGE_CURVE('',#239,#230,#241,.T.);
#239 = VERTEX_POINT('',#240);
#240 = CARTESIAN_POINT('',(-5.438381112095,-3.028966140386,12.));
#241 = CIRCLE('',#242,6.225);
#242 = AXIS2_PLACEMENT_3D('',#243,#244,#245);
#243 = CARTESIAN_POINT('',(5.278625191082E-24,4.85931680835E-24,12.));
#244 = DIRECTION('',(0.,0.,1.));
#245 = DIRECTION('',(-0.677281571626,0.735723910673,0.));
#246 = ORIENTED_EDGE('',*,*,#247,.F.);
#247 = EDGE_CURVE('',#248,#239,#250,.T.);
#248 = VERTEX_POINT('',#249);
#249 = CARTESIAN_POINT('',(-5.914297302645,-1.942089703367,12.));
#250 = CIRCLE('',#251,6.225);
#251 = AXIS2_PLACEMENT_3D('',#252,#253,#254);
#252 = CARTESIAN_POINT('',(0.,0.,12.));
#253 = DIRECTION('',(0.,0.,1.));
#254 = DIRECTION('',(1.,0.,0.));
#255 = ORIENTED_EDGE('',*,*,#256,.F.);
#256 = EDGE_CURVE('',#257,#248,#259,.T.);
#257 = VERTEX_POINT('',#258);
#258 = CARTESIAN_POINT('',(-6.125801765869,-1.106877466241,12.));
#259 = CIRCLE('',#260,6.225);
#260 = AXIS2_PLACEMENT_3D('',#261,#262,#263);
#261 = CARTESIAN_POINT('',(6.570432306569E-24,2.882058822549E-24,12.));
#262 = DIRECTION('',(0.,0.,1.));
#263 = DIRECTION('',(-0.401695424653,0.915773326655,0.));
#264 = ORIENTED_EDGE('',*,*,#265,.F.);
#265 = EDGE_CURVE('',#266,#257,#268,.T.);
#266 = VERTEX_POINT('',#267);
#267 = CARTESIAN_POINT('',(-6.127218320781,-1.099008939674,12.));
#268 = CIRCLE('',#269,6.225);
#269 = AXIS2_PLACEMENT_3D('',#270,#271,#272);
#270 = CARTESIAN_POINT('',(6.570432306569E-24,2.882058822549E-24,12.));
#271 = DIRECTION('',(0.,0.,1.));
#272 = DIRECTION('',(-0.401695424653,0.915773326655,0.));
#273 = ORIENTED_EDGE('',*,*,#274,.F.);
#274 = EDGE_CURVE('',#275,#266,#277,.T.);
#275 = VERTEX_POINT('',#276);
#276 = CARTESIAN_POINT('',(-6.224439857216,8.350726851429E-02,12.));
#277 = CIRCLE('',#278,6.225);
#278 = AXIS2_PLACEMENT_3D('',#279,#280,#281);
#279 = CARTESIAN_POINT('',(0.,0.,12.));
#280 = DIRECTION('',(0.,0.,1.));
#281 = DIRECTION('',(1.,0.,0.));
#282 = ORIENTED_EDGE('',*,*,#283,.F.);
#283 = EDGE_CURVE('',#284,#275,#286,.T.);
#284 = VERTEX_POINT('',#285);
#285 = CARTESIAN_POINT('',(-6.153291455162,0.94214078981,12.));
#286 = CIRCLE('',#287,6.225);
#287 = AXIS2_PLACEMENT_3D('',#288,#289,#290);
#288 = CARTESIAN_POINT('',(7.150231130878E-24,5.924850435736E-25,12.));
#289 = DIRECTION('',(0.,0.,1.));
#290 = DIRECTION('',(-8.257934547233E-02,0.996584493007,0.));
#291 = ORIENTED_EDGE('',*,*,#292,.F.);
#292 = EDGE_CURVE('',#293,#284,#295,.T.);
#293 = VERTEX_POINT('',#294);
#294 = CARTESIAN_POINT('',(-6.152076350822,0.950042932532,12.));
#295 = CIRCLE('',#296,6.225);
#296 = AXIS2_PLACEMENT_3D('',#297,#298,#299);
#297 = CARTESIAN_POINT('',(7.150231130878E-24,5.924850435736E-25,12.));
#298 = DIRECTION('',(0.,0.,1.));
#299 = DIRECTION('',(-8.257934547233E-02,0.996584493007,0.));
#300 = ORIENTED_EDGE('',*,*,#301,.F.);
#301 = EDGE_CURVE('',#302,#293,#304,.T.);
#302 = VERTEX_POINT('',#303);
#303 = CARTESIAN_POINT('',(-5.860067771123,2.100054932103,12.));
#304 = CIRCLE('',#305,6.225);
#305 = AXIS2_PLACEMENT_3D('',#306,#307,#308);
#306 = CARTESIAN_POINT('',(0.,0.,12.));
#307 = DIRECTION('',(0.,0.,1.));
#308 = DIRECTION('',(1.,0.,0.));
#309 = ORIENTED_EDGE('',*,*,#310,.F.);
#310 = EDGE_CURVE('',#311,#302,#313,.T.);
#311 = VERTEX_POINT('',#312);
#312 = CARTESIAN_POINT('',(-5.513976537134,2.889063472465,12.));
#313 = CIRCLE('',#314,6.225);
#314 = AXIS2_PLACEMENT_3D('',#315,#316,#317);
#315 = CARTESIAN_POINT('',(6.955191464889E-24,-1.761293683225E-24,12.));
#316 = DIRECTION('',(0.,-0.,1.));
#317 = DIRECTION('',(0.245485487141,0.969400265939,0.));
#318 = ORIENTED_EDGE('',*,*,#319,.F.);
#319 = EDGE_CURVE('',#320,#311,#322,.T.);
#320 = VERTEX_POINT('',#321);
#321 = CARTESIAN_POINT('',(-5.510261448952,2.896142911563,12.));
#322 = CIRCLE('',#323,6.225);
#323 = AXIS2_PLACEMENT_3D('',#324,#325,#326);
#324 = CARTESIAN_POINT('',(6.955191464889E-24,-1.761293683225E-24,12.));
#325 = DIRECTION('',(0.,-0.,1.));
#326 = DIRECTION('',(0.245485487141,0.969400265939,0.));
#327 = ORIENTED_EDGE('',*,*,#328,.F.);
#328 = EDGE_CURVE('',#329,#320,#331,.T.);
#329 = VERTEX_POINT('',#330);
#330 = CARTESIAN_POINT('',(-4.860666413708,3.889029058088,12.));
#331 = CIRCLE('',#332,6.225);
#332 = AXIS2_PLACEMENT_3D('',#333,#334,#335);
#333 = CARTESIAN_POINT('',(0.,0.,12.));
#334 = DIRECTION('',(0.,0.,1.));
#335 = DIRECTION('',(1.,0.,0.));
#336 = ORIENTED_EDGE('',*,*,#337,.F.);
#337 = EDGE_CURVE('',#338,#329,#340,.T.);
#338 = VERTEX_POINT('',#339);
#339 = CARTESIAN_POINT('',(-4.277136703146,4.52291129944,12.));
#340 = CIRCLE('',#341,6.225);
#341 = AXIS2_PLACEMENT_3D('',#342,#343,#344);
#342 = CARTESIAN_POINT('',(6.006448882765E-24,-3.924208910159E-24,12.));
#343 = DIRECTION('',(0.,-0.,1.));
#344 = DIRECTION('',(0.546948158122,0.837166478263,0.));
#345 = ORIENTED_EDGE('',*,*,#346,.F.);
#346 = EDGE_CURVE('',#347,#338,#349,.T.);
#347 = VERTEX_POINT('',#348);
#348 = CARTESIAN_POINT('',(-4.271324218571,4.528400867839,12.));
#349 = CIRCLE('',#350,6.225);
#350 = AXIS2_PLACEMENT_3D('',#351,#352,#353);
#351 = CARTESIAN_POINT('',(6.006448882765E-24,-3.924208910159E-24,12.));
#352 = DIRECTION('',(0.,-0.,1.));
#353 = DIRECTION('',(0.546948158122,0.837166478263,0.));
#354 = ORIENTED_EDGE('',*,*,#355,.F.);
#355 = EDGE_CURVE('',#356,#347,#358,.T.);
#356 = VERTEX_POINT('',#357);
#357 = CARTESIAN_POINT('',(-3.334536429357,5.256566541127,12.));
#358 = CIRCLE('',#359,6.225);
#359 = AXIS2_PLACEMENT_3D('',#360,#361,#362);
#360 = CARTESIAN_POINT('',(0.,0.,12.));
#361 = DIRECTION('',(0.,0.,1.));
#362 = DIRECTION('',(1.,0.,0.));
#363 = ORIENTED_EDGE('',*,*,#364,.F.);
#364 = EDGE_CURVE('',#365,#356,#367,.T.);
#365 = VERTEX_POINT('',#366);
#366 = CARTESIAN_POINT('',(-2.576802740759,5.66663150692,12.));
#367 = CIRCLE('',#368,6.225);
#368 = AXIS2_PLACEMENT_3D('',#369,#370,#371);
#369 = CARTESIAN_POINT('',(4.406814364535E-24,-5.661875211303E-24,12.));
#370 = DIRECTION('',(0.,-0.,1.));
#371 = DIRECTION('',(0.789140509396,0.61421271269,0.));
#372 = ORIENTED_EDGE('',*,*,#373,.F.);
#373 = EDGE_CURVE('',#374,#365,#376,.T.);
#374 = VERTEX_POINT('',#375);
#375 = CARTESIAN_POINT('',(-2.569522732685,5.669936324706,12.));
#376 = CIRCLE('',#377,6.225);
#377 = AXIS2_PLACEMENT_3D('',#378,#379,#380);
#378 = CARTESIAN_POINT('',(4.406814364535E-24,-5.661875211303E-24,12.));
#379 = DIRECTION('',(0.,-0.,1.));
#380 = DIRECTION('',(0.789140509396,0.61421271269,0.));
#381 = ORIENTED_EDGE('',*,*,#382,.F.);
#382 = EDGE_CURVE('',#383,#374,#385,.T.);
#383 = VERTEX_POINT('',#384);
#384 = CARTESIAN_POINT('',(-1.447057682222,6.0544734754,12.));
#385 = CIRCLE('',#386,6.225);
#386 = AXIS2_PLACEMENT_3D('',#387,#388,#389);
#387 = CARTESIAN_POINT('',(0.,0.,12.));
#388 = DIRECTION('',(0.,0.,1.));
#389 = DIRECTION('',(1.,0.,0.));
#390 = ORIENTED_EDGE('',*,*,#391,.F.);
#391 = EDGE_CURVE('',#392,#383,#394,.T.);
#392 = VERTEX_POINT('',#393);
#393 = CARTESIAN_POINT('',(-0.597232218196,6.196284263779,12.));
#394 = CIRCLE('',#395,6.225);
#395 = AXIS2_PLACEMENT_3D('',#396,#397,#398);
#396 = CARTESIAN_POINT('',(2.329633131138E-24,-6.785989480256E-24,12.));
#397 = DIRECTION('',(0.,-0.,1.));
#398 = DIRECTION('',(0.945817241701,0.324699469205,0.));
#399 = ORIENTED_EDGE('',*,*,#400,.F.);
#400 = EDGE_CURVE('',#401,#392,#403,.T.);
#401 = VERTEX_POINT('',#402);
#402 = CARTESIAN_POINT('',(-0.589273588459,6.197046202663,12.));
#403 = CIRCLE('',#404,6.225);
#404 = AXIS2_PLACEMENT_3D('',#405,#406,#407);
#405 = CARTESIAN_POINT('',(2.329633131138E-24,-6.785989480256E-24,12.));
#406 = DIRECTION('',(0.,-0.,1.));
#407 = DIRECTION('',(0.945817241701,0.324699469205,0.));
#408 = ORIENTED_EDGE('',*,*,#409,.F.);
#409 = EDGE_CURVE('',#410,#401,#412,.T.);
#410 = VERTEX_POINT('',#411);
#411 = CARTESIAN_POINT('',(0.597232218196,6.196284263779,12.));
#412 = CIRCLE('',#413,6.225);
#413 = AXIS2_PLACEMENT_3D('',#414,#415,#416);
#414 = CARTESIAN_POINT('',(0.,0.,12.));
#415 = DIRECTION('',(0.,0.,1.));
#416 = DIRECTION('',(1.,0.,0.));
#417 = ORIENTED_EDGE('',*,*,#418,.F.);
#418 = EDGE_CURVE('',#419,#410,#421,.T.);
#419 = VERTEX_POINT('',#420);
#420 = CARTESIAN_POINT('',(1.447057682222,6.0544734754,12.));
#421 = CIRCLE('',#422,6.225);
#422 = AXIS2_PLACEMENT_3D('',#423,#424,#425);
#423 = CARTESIAN_POINT('',(0.,-7.174736493547E-24,12.));
#424 = DIRECTION('',(0.,0.,1.));
#425 = DIRECTION('',(1.,0.,0.));
#426 = ORIENTED_EDGE('',*,*,#427,.F.);
#427 = EDGE_CURVE('',#428,#419,#430,.T.);
#428 = VERTEX_POINT('',#429);
#429 = CARTESIAN_POINT('',(1.454832492599,6.052609967483,12.));
#430 = CIRCLE('',#431,6.225);
#431 = AXIS2_PLACEMENT_3D('',#432,#433,#434);
#432 = CARTESIAN_POINT('',(0.,-7.174736493547E-24,12.));
#433 = DIRECTION('',(0.,0.,1.));
#434 = DIRECTION('',(1.,0.,0.));
#435 = ORIENTED_EDGE('',*,*,#436,.F.);
#436 = EDGE_CURVE('',#437,#428,#439,.T.);
#437 = VERTEX_POINT('',#438);
#438 = CARTESIAN_POINT('',(2.576802740759,5.66663150692,12.));
#439 = CIRCLE('',#440,6.225);
#440 = AXIS2_PLACEMENT_3D('',#441,#442,#443);
#441 = CARTESIAN_POINT('',(0.,0.,12.));
#442 = DIRECTION('',(0.,0.,1.));
#443 = DIRECTION('',(1.,0.,0.));
#444 = ORIENTED_EDGE('',*,*,#445,.F.);
#445 = EDGE_CURVE('',#446,#437,#448,.T.);
#446 = VERTEX_POINT('',#447);
#447 = CARTESIAN_POINT('',(3.334536429357,5.256566541127,12.));
#448 = CIRCLE('',#449,6.225);
#449 = AXIS2_PLACEMENT_3D('',#450,#451,#452);
#450 = CARTESIAN_POINT('',(-2.329633131138E-24,-6.785989480256E-24,12.)
  );
#451 = DIRECTION('',(-0.,0.,1.));
#452 = DIRECTION('',(0.945817241701,-0.324699469205,0.));
#453 = ORIENTED_EDGE('',*,*,#454,.F.);
#454 = EDGE_CURVE('',#455,#446,#457,.T.);
#455 = VERTEX_POINT('',#456);
#456 = CARTESIAN_POINT('',(3.341284899031,5.252279526406,12.));
#457 = CIRCLE('',#458,6.225);
#458 = AXIS2_PLACEMENT_3D('',#459,#460,#461);
#459 = CARTESIAN_POINT('',(-2.329633131138E-24,-6.785989480256E-24,12.)
  );
#460 = DIRECTION('',(-0.,0.,1.));
#461 = DIRECTION('',(0.945817241701,-0.324699469205,0.));
#462 = ORIENTED_EDGE('',*,*,#463,.F.);
#463 = EDGE_CURVE('',#464,#455,#466,.T.);
#464 = VERTEX_POINT('',#465);
#465 = CARTESIAN_POINT('',(4.277136703146,4.522911299439,12.));
#466 = CIRCLE('',#467,6.225);
#467 = AXIS2_PLACEMENT_3D('',#468,#469,#470);
#468 = CARTESIAN_POINT('',(0.,0.,12.));
#469 = DIRECTION('',(0.,0.,1.));
#470 = DIRECTION('',(1.,0.,0.));
#471 = ORIENTED_EDGE('',*,*,#472,.F.);
#472 = EDGE_CURVE('',#473,#464,#475,.T.);
#473 = VERTEX_POINT('',#474);
#474 = CARTESIAN_POINT('',(4.860666413708,3.889029058088,12.));
#475 = CIRCLE('',#476,6.225);
#476 = AXIS2_PLACEMENT_3D('',#477,#478,#479);
#477 = CARTESIAN_POINT('',(-4.406814364535E-24,-5.661875211303E-24,12.)
  );
#478 = DIRECTION('',(-0.,0.,1.));
#479 = DIRECTION('',(0.789140509396,-0.61421271269,0.));
#480 = ORIENTED_EDGE('',*,*,#481,.F.);
#481 = EDGE_CURVE('',#482,#473,#484,.T.);
#482 = VERTEX_POINT('',#483);
#483 = CARTESIAN_POINT('',(4.865657241276,3.88278310113,12.));
#484 = CIRCLE('',#485,6.225);
#485 = AXIS2_PLACEMENT_3D('',#486,#487,#488);
#486 = CARTESIAN_POINT('',(-4.406814364535E-24,-5.661875211303E-24,12.)
  );
#487 = DIRECTION('',(-0.,0.,1.));
#488 = DIRECTION('',(0.789140509396,-0.61421271269,0.));
#489 = ORIENTED_EDGE('',*,*,#490,.F.);
#490 = EDGE_CURVE('',#491,#482,#493,.T.);
#491 = VERTEX_POINT('',#492);
#492 = CARTESIAN_POINT('',(5.513976537134,2.889063472465,12.));
#493 = CIRCLE('',#494,6.225);
#494 = AXIS2_PLACEMENT_3D('',#495,#496,#497);
#495 = CARTESIAN_POINT('',(0.,0.,12.));
#496 = DIRECTION('',(0.,0.,1.));
#497 = DIRECTION('',(1.,0.,0.));
#498 = ORIENTED_EDGE('',*,*,#499,.F.);
#499 = EDGE_CURVE('',#500,#491,#502,.T.);
#500 = VERTEX_POINT('',#501);
#501 = CARTESIAN_POINT('',(5.860067771123,2.100054932103,12.));
#502 = CIRCLE('',#503,6.225);
#503 = AXIS2_PLACEMENT_3D('',#504,#505,#506);
#504 = CARTESIAN_POINT('',(-6.006448882765E-24,-3.924208910159E-24,12.)
  );
#505 = DIRECTION('',(-0.,0.,1.));
#506 = DIRECTION('',(0.546948158122,-0.837166478263,0.));
#507 = ORIENTED_EDGE('',*,*,#508,.F.);
#508 = EDGE_CURVE('',#509,#500,#511,.T.);
#509 = VERTEX_POINT('',#510);
#510 = CARTESIAN_POINT('',(5.862760122978,2.092526879258,12.));
#511 = CIRCLE('',#512,6.225);
#512 = AXIS2_PLACEMENT_3D('',#513,#514,#515);
#513 = CARTESIAN_POINT('',(-6.006448882765E-24,-3.924208910159E-24,12.)
  );
#514 = DIRECTION('',(-0.,0.,1.));
#515 = DIRECTION('',(0.546948158122,-0.837166478263,0.));
#516 = ORIENTED_EDGE('',*,*,#517,.F.);
#517 = EDGE_CURVE('',#518,#509,#520,.T.);
#518 = VERTEX_POINT('',#519);
#519 = CARTESIAN_POINT('',(6.153291455162,0.94214078981,12.));
#520 = CIRCLE('',#521,6.225);
#521 = AXIS2_PLACEMENT_3D('',#522,#523,#524);
#522 = CARTESIAN_POINT('',(0.,0.,12.));
#523 = DIRECTION('',(0.,0.,1.));
#524 = DIRECTION('',(1.,0.,0.));
#525 = ORIENTED_EDGE('',*,*,#526,.F.);
#526 = EDGE_CURVE('',#527,#518,#529,.T.);
#527 = VERTEX_POINT('',#528);
#528 = CARTESIAN_POINT('',(6.224439857216,8.350726851429E-02,12.));
#529 = CIRCLE('',#530,6.225);
#530 = AXIS2_PLACEMENT_3D('',#531,#532,#533);
#531 = CARTESIAN_POINT('',(-6.955191464889E-24,-1.761293683225E-24,12.)
  );
#532 = DIRECTION('',(-0.,0.,1.));
#533 = DIRECTION('',(0.245485487141,-0.969400265939,0.));
#534 = ORIENTED_EDGE('',*,*,#535,.F.);
#535 = EDGE_CURVE('',#536,#527,#538,.T.);
#536 = VERTEX_POINT('',#537);
#537 = CARTESIAN_POINT('',(6.224541975259,7.55129011187E-02,12.));
#538 = CIRCLE('',#539,6.225);
#539 = AXIS2_PLACEMENT_3D('',#540,#541,#542);
#540 = CARTESIAN_POINT('',(-6.955191464889E-24,-1.761293683225E-24,12.)
  );
#541 = DIRECTION('',(-0.,0.,1.));
#542 = DIRECTION('',(0.245485487141,-0.969400265939,0.));
#543 = ORIENTED_EDGE('',*,*,#544,.F.);
#544 = EDGE_CURVE('',#22,#536,#545,.T.);
#545 = CIRCLE('',#546,6.225);
#546 = AXIS2_PLACEMENT_3D('',#547,#548,#549);
#547 = CARTESIAN_POINT('',(0.,0.,12.));
#548 = DIRECTION('',(0.,0.,1.));
#549 = DIRECTION('',(1.,0.,0.));
#550 = ORIENTED_EDGE('',*,*,#21,.T.);
#551 = ORIENTED_EDGE('',*,*,#552,.T.);
#552 = EDGE_CURVE('',#24,#24,#553,.T.);
#553 = CIRCLE('',#554,6.225);
#554 = AXIS2_PLACEMENT_3D('',#555,#556,#557);
#555 = CARTESIAN_POINT('',(0.,0.,12.2));
#556 = DIRECTION('',(0.,0.,1.));
#557 = DIRECTION('',(1.,0.,0.));
#558 = CYLINDRICAL_SURFACE('',#559,6.225);
#559 = AXIS2_PLACEMENT_3D('',#560,#561,#562);
#560 = CARTESIAN_POINT('',(0.,0.,12.));
#561 = DIRECTION('',(-0.,-0.,-1.));
#562 = DIRECTION('',(1.,0.,0.));
#563 = ADVANCED_FACE('',(#564),#583,.T.);
#564 = FACE_BOUND('',#565,.T.);
#565 = EDGE_LOOP('',(#566,#574,#575,#576));
#566 = ORIENTED_EDGE('',*,*,#567,.F.);
#567 = EDGE_CURVE('',#24,#568,#570,.T.);
#568 = VERTEX_POINT('',#569);
#569 = CARTESIAN_POINT('',(5.425,0.,13.));
#570 = LINE('',#571,#572);
#571 = CARTESIAN_POINT('',(6.225,0.,12.2));
#572 = VECTOR('',#573,1.);
#573 = DIRECTION('',(-0.707106781187,0.,0.707106781187));
#574 = ORIENTED_EDGE('',*,*,#552,.T.);
#575 = ORIENTED_EDGE('',*,*,#567,.T.);
#576 = ORIENTED_EDGE('',*,*,#577,.F.);
#577 = EDGE_CURVE('',#568,#568,#578,.T.);
#578 = CIRCLE('',#579,5.425);
#579 = AXIS2_PLACEMENT_3D('',#580,#581,#582);
#580 = CARTESIAN_POINT('',(0.,0.,13.));
#581 = DIRECTION('',(0.,0.,1.));
#582 = DIRECTION('',(1.,0.,0.));
#583 = CONICAL_SURFACE('',#584,6.225,0.785398163397);
#584 = AXIS2_PLACEMENT_3D('',#585,#586,#587);
#585 = CARTESIAN_POINT('',(0.,0.,12.2));
#586 = DIRECTION('',(-0.,-0.,-1.));
#587 = DIRECTION('',(1.,0.,0.));
#588 = ADVANCED_FACE('',(#589),#601,.T.);
#589 = FACE_BOUND('',#590,.T.);
#590 = EDGE_LOOP('',(#591,#592,#593,#594));
#591 = ORIENTED_EDGE('',*,*,#535,.F.);
#592 = ORIENTED_EDGE('',*,*,#544,.F.);
#593 = ORIENTED_EDGE('',*,*,#31,.F.);
#594 = ORIENTED_EDGE('',*,*,#595,.T.);
#595 = EDGE_CURVE('',#32,#527,#596,.T.);
#596 = CIRCLE('',#597,0.6);
#597 = AXIS2_PLACEMENT_3D('',#598,#599,#600);
#598 = CARTESIAN_POINT('',(6.232488750567,-0.51643874182,12.));
#599 = DIRECTION('',(0.,0.,1.));
#600 = DIRECTION('',(-8.257934547233E-02,-0.996584493007,0.));
#601 = PLANE('',#602);
#602 = AXIS2_PLACEMENT_3D('',#603,#604,#605);
#603 = CARTESIAN_POINT('',(3.644161776811,-0.536906998827,12.));
#604 = DIRECTION('',(0.,0.,1.));
#605 = DIRECTION('',(-8.257934547233E-02,-0.996584493007,0.));
#606 = ADVANCED_FACE('',(#607),#633,.T.);
#607 = FACE_BOUND('',#608,.F.);
#608 = EDGE_LOOP('',(#609,#620,#626,#627));
#609 = ORIENTED_EDGE('',*,*,#610,.F.);
#610 = EDGE_CURVE('',#611,#613,#615,.T.);
#611 = VERTEX_POINT('',#612);
#612 = CARTESIAN_POINT('',(5.914297302645,-1.942089703367,0.));
#613 = VERTEX_POINT('',#614);
#614 = CARTESIAN_POINT('',(6.125801765869,-1.106877466241,0.));
#615 = CIRCLE('',#616,6.225);
#616 = AXIS2_PLACEMENT_3D('',#617,#618,#619);
#617 = CARTESIAN_POINT('',(-7.150231130878E-24,5.924850435736E-25,0.));
#618 = DIRECTION('',(0.,0.,1.));
#619 = DIRECTION('',(-8.257934547233E-02,-0.996584493007,0.));
#620 = ORIENTED_EDGE('',*,*,#621,.T.);
#621 = EDGE_CURVE('',#611,#41,#622,.T.);
#622 = LINE('',#623,#624);
#623 = CARTESIAN_POINT('',(5.914297302645,-1.942089703367,0.));
#624 = VECTOR('',#625,1.);
#625 = DIRECTION('',(0.,0.,1.));
#626 = ORIENTED_EDGE('',*,*,#40,.T.);
#627 = ORIENTED_EDGE('',*,*,#628,.F.);
#628 = EDGE_CURVE('',#613,#32,#629,.T.);
#629 = LINE('',#630,#631);
#630 = CARTESIAN_POINT('',(6.125801765869,-1.106877466241,0.));
#631 = VECTOR('',#632,1.);
#632 = DIRECTION('',(0.,0.,1.));
#633 = CYLINDRICAL_SURFACE('',#634,6.225);
#634 = AXIS2_PLACEMENT_3D('',#635,#636,#637);
#635 = CARTESIAN_POINT('',(-7.150231130878E-24,5.924850435736E-25,0.));
#636 = DIRECTION('',(0.,0.,-1.));
#637 = DIRECTION('',(-8.257934547233E-02,-0.996584493007,0.));
#638 = ADVANCED_FACE('',(#639),#650,.T.);
#639 = FACE_BOUND('',#640,.T.);
#640 = EDGE_LOOP('',(#641,#642,#643));
#641 = ORIENTED_EDGE('',*,*,#49,.F.);
#642 = ORIENTED_EDGE('',*,*,#58,.F.);
#643 = ORIENTED_EDGE('',*,*,#644,.T.);
#644 = EDGE_CURVE('',#59,#41,#645,.T.);
#645 = CIRCLE('',#646,0.6);
#646 = AXIS2_PLACEMENT_3D('',#647,#648,#649);
#647 = CARTESIAN_POINT('',(5.727107933646,-2.512142455429,12.));
#648 = DIRECTION('',(0.,0.,1.));
#649 = DIRECTION('',(-0.401695424653,-0.915773326655,0.));
#650 = PLANE('',#651);
#651 = AXIS2_PLACEMENT_3D('',#652,#653,#654);
#652 = CARTESIAN_POINT('',(3.272377622522,-1.691073291307,12.));
#653 = DIRECTION('',(0.,0.,1.));
#654 = DIRECTION('',(-0.401695424653,-0.915773326655,0.));
#655 = ADVANCED_FACE('',(#656),#682,.T.);
#656 = FACE_BOUND('',#657,.F.);
#657 = EDGE_LOOP('',(#658,#669,#675,#676));
#658 = ORIENTED_EDGE('',*,*,#659,.F.);
#659 = EDGE_CURVE('',#660,#662,#664,.T.);
#660 = VERTEX_POINT('',#661);
#661 = CARTESIAN_POINT('',(6.224439857216,8.350726851429E-02,0.));
#662 = VERTEX_POINT('',#663);
#663 = CARTESIAN_POINT('',(6.153291455162,0.94214078981,0.));
#664 = CIRCLE('',#665,6.225);
#665 = AXIS2_PLACEMENT_3D('',#666,#667,#668);
#666 = CARTESIAN_POINT('',(-6.955191464889E-24,-1.761293683225E-24,0.));
#667 = DIRECTION('',(-0.,0.,1.));
#668 = DIRECTION('',(0.245485487141,-0.969400265939,0.));
#669 = ORIENTED_EDGE('',*,*,#670,.T.);
#670 = EDGE_CURVE('',#660,#527,#671,.T.);
#671 = LINE('',#672,#673);
#672 = CARTESIAN_POINT('',(6.224439857216,8.350726851429E-02,0.));
#673 = VECTOR('',#674,1.);
#674 = DIRECTION('',(0.,0.,1.));
#675 = ORIENTED_EDGE('',*,*,#526,.T.);
#676 = ORIENTED_EDGE('',*,*,#677,.F.);
#677 = EDGE_CURVE('',#662,#518,#678,.T.);
#678 = LINE('',#679,#680);
#679 = CARTESIAN_POINT('',(6.153291455162,0.94214078981,0.));
#680 = VECTOR('',#681,1.);
#681 = DIRECTION('',(0.,0.,1.));
#682 = CYLINDRICAL_SURFACE('',#683,6.225);
#683 = AXIS2_PLACEMENT_3D('',#684,#685,#686);
#684 = CARTESIAN_POINT('',(-6.955191464889E-24,-1.761293683225E-24,0.));
#685 = DIRECTION('',(-0.,0.,-1.));
#686 = DIRECTION('',(0.245485487141,-0.969400265939,0.));
#687 = ADVANCED_FACE('',(#688),#714,.T.);
#688 = FACE_BOUND('',#689,.F.);
#689 = EDGE_LOOP('',(#690,#701,#707,#708));
#690 = ORIENTED_EDGE('',*,*,#691,.F.);
#691 = EDGE_CURVE('',#692,#694,#696,.T.);
#692 = VERTEX_POINT('',#693);
#693 = CARTESIAN_POINT('',(4.963248865555,-3.757231121261,0.));
#694 = VERTEX_POINT('',#695);
#695 = CARTESIAN_POINT('',(5.434486403636,-3.035948373852,0.));
#696 = CIRCLE('',#697,6.225);
#697 = AXIS2_PLACEMENT_3D('',#698,#699,#700);
#698 = CARTESIAN_POINT('',(-6.570432306569E-24,2.882058822549E-24,0.));
#699 = DIRECTION('',(0.,0.,1.));
#700 = DIRECTION('',(-0.401695424653,-0.915773326655,0.));
#701 = ORIENTED_EDGE('',*,*,#702,.T.);
#702 = EDGE_CURVE('',#692,#68,#703,.T.);
#703 = LINE('',#704,#705);
#704 = CARTESIAN_POINT('',(4.963248865555,-3.757231121261,0.));
#705 = VECTOR('',#706,1.);
#706 = DIRECTION('',(0.,0.,1.));
#707 = ORIENTED_EDGE('',*,*,#67,.T.);
#708 = ORIENTED_EDGE('',*,*,#709,.F.);
#709 = EDGE_CURVE('',#694,#59,#710,.T.);
#710 = LINE('',#711,#712);
#711 = CARTESIAN_POINT('',(5.434486403636,-3.035948373852,0.));
#712 = VECTOR('',#713,1.);
#713 = DIRECTION('',(0.,0.,1.));
#714 = CYLINDRICAL_SURFACE('',#715,6.225);
#715 = AXIS2_PLACEMENT_3D('',#716,#717,#718);
#716 = CARTESIAN_POINT('',(-6.570432306569E-24,2.882058822549E-24,0.));
#717 = DIRECTION('',(0.,0.,-1.));
#718 = DIRECTION('',(-0.401695424653,-0.915773326655,0.));
#719 = ADVANCED_FACE('',(#720),#731,.T.);
#720 = FACE_BOUND('',#721,.T.);
#721 = EDGE_LOOP('',(#722,#723,#724));
#722 = ORIENTED_EDGE('',*,*,#508,.F.);
#723 = ORIENTED_EDGE('',*,*,#517,.F.);
#724 = ORIENTED_EDGE('',*,*,#725,.T.);
#725 = EDGE_CURVE('',#518,#500,#726,.T.);
#726 = CIRCLE('',#727,0.6);
#727 = AXIS2_PLACEMENT_3D('',#728,#729,#730);
#728 = CARTESIAN_POINT('',(6.062482704337,1.535229122838,12.));
#729 = DIRECTION('',(-0.,0.,1.));
#730 = DIRECTION('',(0.245485487141,-0.969400265939,0.));
#731 = PLANE('',#732);
#732 = AXIS2_PLACEMENT_3D('',#733,#734,#735);
#733 = CARTESIAN_POINT('',(3.621044457585,0.675441497946,12.));
#734 = DIRECTION('',(0.,0.,1.));
#735 = DIRECTION('',(0.245485487141,-0.969400265939,0.));
#736 = ADVANCED_FACE('',(#737),#748,.T.);
#737 = FACE_BOUND('',#738,.T.);
#738 = EDGE_LOOP('',(#739,#740,#741));
#739 = ORIENTED_EDGE('',*,*,#76,.F.);
#740 = ORIENTED_EDGE('',*,*,#85,.F.);
#741 = ORIENTED_EDGE('',*,*,#742,.T.);
#742 = EDGE_CURVE('',#86,#68,#743,.T.);
#743 = CIRCLE('',#744,0.6);
#744 = AXIS2_PLACEMENT_3D('',#745,#746,#747);
#745 = CARTESIAN_POINT('',(4.601106106879,-4.235616554085,12.));
#746 = DIRECTION('',(0.,0.,1.));
#747 = DIRECTION('',(-0.677281571626,-0.735723910673,0.));
#748 = PLANE('',#749);
#749 = AXIS2_PLACEMENT_3D('',#750,#751,#752);
#750 = CARTESIAN_POINT('',(2.545980576663,-2.661985552968,12.));
#751 = DIRECTION('',(0.,0.,1.));
#752 = DIRECTION('',(-0.677281571626,-0.735723910673,0.));
#753 = ADVANCED_FACE('',(#754),#780,.T.);
#754 = FACE_BOUND('',#755,.F.);
#755 = EDGE_LOOP('',(#756,#767,#773,#774));
#756 = ORIENTED_EDGE('',*,*,#757,.F.);
#757 = EDGE_CURVE('',#758,#760,#762,.T.);
#758 = VERTEX_POINT('',#759);
#759 = CARTESIAN_POINT('',(5.860067771123,2.100054932103,0.));
#760 = VERTEX_POINT('',#761);
#761 = CARTESIAN_POINT('',(5.513976537134,2.889063472465,0.));
#762 = CIRCLE('',#763,6.225);
#763 = AXIS2_PLACEMENT_3D('',#764,#765,#766);
#764 = CARTESIAN_POINT('',(-6.006448882765E-24,-3.924208910159E-24,0.));
#765 = DIRECTION('',(-0.,0.,1.));
#766 = DIRECTION('',(0.546948158122,-0.837166478263,0.));
#767 = ORIENTED_EDGE('',*,*,#768,.T.);
#768 = EDGE_CURVE('',#758,#500,#769,.T.);
#769 = LINE('',#770,#771);
#770 = CARTESIAN_POINT('',(5.860067771123,2.100054932103,0.));
#771 = VECTOR('',#772,1.);
#772 = DIRECTION('',(0.,0.,1.));
#773 = ORIENTED_EDGE('',*,*,#499,.T.);
#774 = ORIENTED_EDGE('',*,*,#775,.F.);
#775 = EDGE_CURVE('',#760,#491,#776,.T.);
#776 = LINE('',#777,#778);
#777 = CARTESIAN_POINT('',(5.513976537134,2.889063472465,0.));
#778 = VECTOR('',#779,1.);
#779 = DIRECTION('',(0.,0.,1.));
#780 = CYLINDRICAL_SURFACE('',#781,6.225);
#781 = AXIS2_PLACEMENT_3D('',#782,#783,#784);
#782 = CARTESIAN_POINT('',(-6.006448882765E-24,-3.924208910159E-24,0.));
#783 = DIRECTION('',(-0.,0.,-1.));
#784 = DIRECTION('',(0.546948158122,-0.837166478263,0.));
#785 = ADVANCED_FACE('',(#786),#812,.T.);
#786 = FACE_BOUND('',#787,.F.);
#787 = EDGE_LOOP('',(#788,#799,#805,#806));
#788 = ORIENTED_EDGE('',*,*,#789,.F.);
#789 = EDGE_CURVE('',#790,#792,#794,.T.);
#790 = VERTEX_POINT('',#791);
#791 = CARTESIAN_POINT('',(3.47435540114,-5.165218247719,0.));
#792 = VERTEX_POINT('',#793);
#793 = CARTESIAN_POINT('',(4.154260114825,-4.636027167563,0.));
#794 = CIRCLE('',#795,6.225);
#795 = AXIS2_PLACEMENT_3D('',#796,#797,#798);
#796 = CARTESIAN_POINT('',(-5.278625191082E-24,4.85931680835E-24,0.));
#797 = DIRECTION('',(0.,0.,1.));
#798 = DIRECTION('',(-0.677281571626,-0.735723910673,0.));
#799 = ORIENTED_EDGE('',*,*,#800,.T.);
#800 = EDGE_CURVE('',#790,#95,#801,.T.);
#801 = LINE('',#802,#803);
#802 = CARTESIAN_POINT('',(3.47435540114,-5.165218247719,0.));
#803 = VECTOR('',#804,1.);
#804 = DIRECTION('',(0.,0.,1.));
#805 = ORIENTED_EDGE('',*,*,#94,.T.);
#806 = ORIENTED_EDGE('',*,*,#807,.F.);
#807 = EDGE_CURVE('',#792,#86,#808,.T.);
#808 = LINE('',#809,#810);
#809 = CARTESIAN_POINT('',(4.154260114825,-4.636027167563,0.));
#810 = VECTOR('',#811,1.);
#811 = DIRECTION('',(0.,0.,1.));
#812 = CYLINDRICAL_SURFACE('',#813,6.225);
#813 = AXIS2_PLACEMENT_3D('',#814,#815,#816);
#814 = CARTESIAN_POINT('',(-5.278625191082E-24,4.85931680835E-24,0.));
#815 = DIRECTION('',(0.,0.,-1.));
#816 = DIRECTION('',(-0.677281571626,-0.735723910673,0.));
#817 = ADVANCED_FACE('',(#818),#829,.T.);
#818 = FACE_BOUND('',#819,.T.);
#819 = EDGE_LOOP('',(#820,#821,#822));
#820 = ORIENTED_EDGE('',*,*,#481,.F.);
#821 = ORIENTED_EDGE('',*,*,#490,.F.);
#822 = ORIENTED_EDGE('',*,*,#823,.T.);
#823 = EDGE_CURVE('',#491,#473,#824,.T.);
#824 = CIRCLE('',#825,0.6);
#825 = AXIS2_PLACEMENT_3D('',#826,#827,#828);
#826 = CARTESIAN_POINT('',(5.235512587981,3.420531090502,12.));
#827 = DIRECTION('',(-0.,0.,1.));
#828 = DIRECTION('',(0.546948158122,-0.837166478263,0.));
#829 = PLANE('',#830);
#830 = AXIS2_PLACEMENT_3D('',#831,#832,#833);
#831 = CARTESIAN_POINT('',(3.205530785087,1.814595427862,12.));
#832 = DIRECTION('',(0.,0.,1.));
#833 = DIRECTION('',(0.546948158122,-0.837166478263,0.));
#834 = ADVANCED_FACE('',(#835),#846,.T.);
#835 = FACE_BOUND('',#836,.T.);
#836 = EDGE_LOOP('',(#837,#838,#839));
#837 = ORIENTED_EDGE('',*,*,#103,.F.);
#838 = ORIENTED_EDGE('',*,*,#112,.F.);
#839 = ORIENTED_EDGE('',*,*,#840,.T.);
#840 = EDGE_CURVE('',#113,#95,#841,.T.);
#841 = CIRCLE('',#842,0.6);
#842 = AXIS2_PLACEMENT_3D('',#843,#844,#845);
#843 = CARTESIAN_POINT('',(2.976503039914,-5.500095876745,12.));
#844 = DIRECTION('',(0.,0.,1.));
#845 = DIRECTION('',(-0.879473751206,-0.475947393037,0.));
#846 = PLANE('',#847);
#847 = AXIS2_PLACEMENT_3D('',#848,#849,#850);
#848 = CARTESIAN_POINT('',(1.543687030364,-3.344430375003,12.));
#849 = DIRECTION('',(0.,0.,1.));
#850 = DIRECTION('',(-0.879473751206,-0.475947393037,0.));
#851 = ADVANCED_FACE('',(#852),#878,.T.);
#852 = FACE_BOUND('',#853,.F.);
#853 = EDGE_LOOP('',(#854,#865,#871,#872));
#854 = ORIENTED_EDGE('',*,*,#855,.F.);
#855 = EDGE_CURVE('',#856,#858,#860,.T.);
#856 = VERTEX_POINT('',#857);
#857 = CARTESIAN_POINT('',(4.860666413708,3.889029058088,0.));
#858 = VERTEX_POINT('',#859);
#859 = CARTESIAN_POINT('',(4.277136703146,4.522911299439,0.));
#860 = CIRCLE('',#861,6.225);
#861 = AXIS2_PLACEMENT_3D('',#862,#863,#864);
#862 = CARTESIAN_POINT('',(-4.406814364535E-24,-5.661875211303E-24,0.));
#863 = DIRECTION('',(-0.,0.,1.));
#864 = DIRECTION('',(0.789140509396,-0.61421271269,0.));
#865 = ORIENTED_EDGE('',*,*,#866,.T.);
#866 = EDGE_CURVE('',#856,#473,#867,.T.);
#867 = LINE('',#868,#869);
#868 = CARTESIAN_POINT('',(4.860666413708,3.889029058088,0.));
#869 = VECTOR('',#870,1.);
#870 = DIRECTION('',(0.,0.,1.));
#871 = ORIENTED_EDGE('',*,*,#472,.T.);
#872 = ORIENTED_EDGE('',*,*,#873,.F.);
#873 = EDGE_CURVE('',#858,#464,#874,.T.);
#874 = LINE('',#875,#876);
#875 = CARTESIAN_POINT('',(4.277136703146,4.522911299439,0.));
#876 = VECTOR('',#877,1.);
#877 = DIRECTION('',(0.,0.,1.));
#878 = CYLINDRICAL_SURFACE('',#879,6.225);
#879 = AXIS2_PLACEMENT_3D('',#880,#881,#882);
#880 = CARTESIAN_POINT('',(-4.406814364535E-24,-5.661875211303E-24,0.));
#881 = DIRECTION('',(-0.,0.,-1.));
#882 = DIRECTION('',(0.789140509396,-0.61421271269,0.));
#883 = ADVANCED_FACE('',(#884),#910,.T.);
#884 = FACE_BOUND('',#885,.F.);
#885 = EDGE_LOOP('',(#886,#897,#903,#904));
#886 = ORIENTED_EDGE('',*,*,#887,.F.);
#887 = EDGE_CURVE('',#888,#890,#892,.T.);
#888 = VERTEX_POINT('',#889);
#889 = CARTESIAN_POINT('',(1.608961618833,-6.013473830418,0.));
#890 = VERTEX_POINT('',#891);
#891 = CARTESIAN_POINT('',(2.423855282584,-5.733720482295,0.));
#892 = CIRCLE('',#893,6.225);
#893 = AXIS2_PLACEMENT_3D('',#894,#895,#896);
#894 = CARTESIAN_POINT('',(-3.414797129832E-24,6.309992417898E-24,0.));
#895 = DIRECTION('',(0.,0.,1.));
#896 = DIRECTION('',(-0.879473751206,-0.475947393037,0.));
#897 = ORIENTED_EDGE('',*,*,#898,.T.);
#898 = EDGE_CURVE('',#888,#122,#899,.T.);
#899 = LINE('',#900,#901);
#900 = CARTESIAN_POINT('',(1.608961618833,-6.013473830418,0.));
#901 = VECTOR('',#902,1.);
#902 = DIRECTION('',(0.,0.,1.));
#903 = ORIENTED_EDGE('',*,*,#121,.T.);
#904 = ORIENTED_EDGE('',*,*,#905,.F.);
#905 = EDGE_CURVE('',#890,#113,#906,.T.);
#906 = LINE('',#907,#908);
#907 = CARTESIAN_POINT('',(2.423855282584,-5.733720482295,0.));
#908 = VECTOR('',#909,1.);
#909 = DIRECTION('',(0.,0.,1.));
#910 = CYLINDRICAL_SURFACE('',#911,6.225);
#911 = AXIS2_PLACEMENT_3D('',#912,#913,#914);
#912 = CARTESIAN_POINT('',(-3.414797129832E-24,6.309992417898E-24,0.));
#913 = DIRECTION('',(0.,0.,-1.));
#914 = DIRECTION('',(-0.879473751206,-0.475947393037,0.));
#915 = ADVANCED_FACE('',(#916),#927,.T.);
#916 = FACE_BOUND('',#917,.T.);
#917 = EDGE_LOOP('',(#918,#919,#920));
#918 = ORIENTED_EDGE('',*,*,#454,.F.);
#919 = ORIENTED_EDGE('',*,*,#463,.F.);
#920 = ORIENTED_EDGE('',*,*,#921,.T.);
#921 = EDGE_CURVE('',#464,#446,#922,.T.);
#922 = CIRCLE('',#923,0.6);
#923 = AXIS2_PLACEMENT_3D('',#924,#925,#926);
#924 = CARTESIAN_POINT('',(3.841193445369,4.935165439502,12.));
#925 = DIRECTION('',(-0.,0.,1.));
#926 = DIRECTION('',(0.789140509396,-0.61421271269,0.));
#927 = PLANE('',#928);
#928 = AXIS2_PLACEMENT_3D('',#929,#930,#931);
#929 = CARTESIAN_POINT('',(2.442648113089,2.75710978682,12.));
#930 = DIRECTION('',(0.,0.,1.));
#931 = DIRECTION('',(0.789140509396,-0.61421271269,0.));
#932 = ADVANCED_FACE('',(#933),#944,.T.);
#933 = FACE_BOUND('',#934,.T.);
#934 = EDGE_LOOP('',(#935,#936,#937));
#935 = ORIENTED_EDGE('',*,*,#130,.F.);
#936 = ORIENTED_EDGE('',*,*,#139,.F.);
#937 = ORIENTED_EDGE('',*,*,#938,.T.);
#938 = EDGE_CURVE('',#140,#122,#939,.T.);
#939 = CIRCLE('',#940,0.6);
#940 = AXIS2_PLACEMENT_3D('',#941,#942,#943);
#941 = CARTESIAN_POINT('',(1.029349683371,-6.168554468378,12.));
#942 = DIRECTION('',(0.,0.,1.));
#943 = DIRECTION('',(-0.986361303403,-0.164594590281,0.));
#944 = PLANE('',#945);
#945 = AXIS2_PLACEMENT_3D('',#946,#947,#948);
#946 = CARTESIAN_POINT('',(0.374111041552,-3.664454271722,12.));
#947 = DIRECTION('',(0.,0.,1.));
#948 = DIRECTION('',(-0.986361303403,-0.164594590281,0.));
#949 = ADVANCED_FACE('',(#950),#976,.T.);
#950 = FACE_BOUND('',#951,.F.);
#951 = EDGE_LOOP('',(#952,#963,#969,#970));
#952 = ORIENTED_EDGE('',*,*,#953,.F.);
#953 = EDGE_CURVE('',#954,#956,#958,.T.);
#954 = VERTEX_POINT('',#955);
#955 = CARTESIAN_POINT('',(3.334536429357,5.256566541127,0.));
#956 = VERTEX_POINT('',#957);
#957 = CARTESIAN_POINT('',(2.576802740759,5.66663150692,0.));
#958 = CIRCLE('',#959,6.225);
#959 = AXIS2_PLACEMENT_3D('',#960,#961,#962);
#960 = CARTESIAN_POINT('',(-2.329633131138E-24,-6.785989480256E-24,0.));
#961 = DIRECTION('',(-0.,0.,1.));
#962 = DIRECTION('',(0.945817241701,-0.324699469205,0.));
#963 = ORIENTED_EDGE('',*,*,#964,.T.);
#964 = EDGE_CURVE('',#954,#446,#965,.T.);
#965 = LINE('',#966,#967);
#966 = CARTESIAN_POINT('',(3.334536429357,5.256566541127,0.));
#967 = VECTOR('',#968,1.);
#968 = DIRECTION('',(0.,0.,1.));
#969 = ORIENTED_EDGE('',*,*,#445,.T.);
#970 = ORIENTED_EDGE('',*,*,#971,.F.);
#971 = EDGE_CURVE('',#956,#437,#972,.T.);
#972 = LINE('',#973,#974);
#973 = CARTESIAN_POINT('',(2.576802740759,5.66663150692,0.));
#974 = VECTOR('',#975,1.);
#975 = DIRECTION('',(0.,0.,1.));
#976 = CYLINDRICAL_SURFACE('',#977,6.225);
#977 = AXIS2_PLACEMENT_3D('',#978,#979,#980);
#978 = CARTESIAN_POINT('',(-2.329633131138E-24,-6.785989480256E-24,0.));
#979 = DIRECTION('',(-0.,0.,-1.));
#980 = DIRECTION('',(0.945817241701,-0.324699469205,0.));
#981 = ADVANCED_FACE('',(#982),#1008,.T.);
#982 = FACE_BOUND('',#983,.F.);
#983 = EDGE_LOOP('',(#984,#995,#1001,#1002));
#984 = ORIENTED_EDGE('',*,*,#985,.F.);
#985 = EDGE_CURVE('',#986,#988,#990,.T.);
#986 = VERTEX_POINT('',#987);
#987 = CARTESIAN_POINT('',(-0.430788120486,-6.210076214931,0.));
#988 = VERTEX_POINT('',#989);
#989 = CARTESIAN_POINT('',(0.430788120486,-6.210076214931,0.));
#990 = CIRCLE('',#991,6.225);
#991 = AXIS2_PLACEMENT_3D('',#992,#993,#994);
#992 = CARTESIAN_POINT('',(-1.180922813528E-24,7.076882439346E-24,0.));
#993 = DIRECTION('',(0.,0.,1.));
#994 = DIRECTION('',(-0.986361303403,-0.164594590281,0.));
#995 = ORIENTED_EDGE('',*,*,#996,.T.);
#996 = EDGE_CURVE('',#986,#149,#997,.T.);
#997 = LINE('',#998,#999);
#998 = CARTESIAN_POINT('',(-0.430788120486,-6.210076214931,0.));
#999 = VECTOR('',#1000,1.);
#1000 = DIRECTION('',(0.,0.,1.));
#1001 = ORIENTED_EDGE('',*,*,#148,.T.);
#1002 = ORIENTED_EDGE('',*,*,#1003,.F.);
#1003 = EDGE_CURVE('',#988,#140,#1004,.T.);
#1004 = LINE('',#1005,#1006);
#1005 = CARTESIAN_POINT('',(0.430788120486,-6.210076214931,0.));
#1006 = VECTOR('',#1007,1.);
#1007 = DIRECTION('',(0.,0.,1.));
#1008 = CYLINDRICAL_SURFACE('',#1009,6.225);
#1009 = AXIS2_PLACEMENT_3D('',#1010,#1011,#1012);
#1010 = CARTESIAN_POINT('',(-1.180922813528E-24,7.076882439346E-24,0.));
#1011 = DIRECTION('',(0.,0.,-1.));
#1012 = DIRECTION('',(-0.986361303403,-0.164594590281,0.));
#1013 = ADVANCED_FACE('',(#1014),#1025,.T.);
#1014 = FACE_BOUND('',#1015,.T.);
#1015 = EDGE_LOOP('',(#1016,#1017,#1018));
#1016 = ORIENTED_EDGE('',*,*,#427,.F.);
#1017 = ORIENTED_EDGE('',*,*,#436,.F.);
#1018 = ORIENTED_EDGE('',*,*,#1019,.T.);
#1019 = EDGE_CURVE('',#437,#419,#1020,.T.);
#1020 = CIRCLE('',#1021,0.6);
#1021 = AXIS2_PLACEMENT_3D('',#1022,#1023,#1024);
#1022 = CARTESIAN_POINT('',(2.030621390694,5.91499803615,12.));
#1023 = DIRECTION('',(-0.,0.,1.));
#1024 = DIRECTION('',(0.945817241701,-0.324699469205,0.));
#1025 = PLANE('',#1026);
#1026 = AXIS2_PLACEMENT_3D('',#1027,#1028,#1029);
#1027 = CARTESIAN_POINT('',(1.415066616448,3.40084851941,12.));
#1028 = DIRECTION('',(0.,0.,1.));
#1029 = DIRECTION('',(0.945817241701,-0.324699469205,0.));
#1030 = ADVANCED_FACE('',(#1031),#1042,.T.);
#1031 = FACE_BOUND('',#1032,.T.);
#1032 = EDGE_LOOP('',(#1033,#1034,#1035));
#1033 = ORIENTED_EDGE('',*,*,#157,.F.);
#1034 = ORIENTED_EDGE('',*,*,#166,.F.);
#1035 = ORIENTED_EDGE('',*,*,#1036,.T.);
#1036 = EDGE_CURVE('',#167,#149,#1037,.T.);
#1037 = CIRCLE('',#1038,0.6);
#1038 = AXIS2_PLACEMENT_3D('',#1039,#1040,#1041);
#1039 = CARTESIAN_POINT('',(-1.029349683371,-6.168554468378,12.));
#1040 = DIRECTION('',(0.,0.,1.));
#1041 = DIRECTION('',(-0.986361303403,0.164594590281,0.));
#1042 = PLANE('',#1043);
#1043 = AXIS2_PLACEMENT_3D('',#1044,#1045,#1046);
#1044 = CARTESIAN_POINT('',(-0.836005683542,-3.587377688234,12.));
#1045 = DIRECTION('',(0.,0.,1.));
#1046 = DIRECTION('',(-0.986361303403,0.164594590281,0.));
#1047 = ADVANCED_FACE('',(#1048),#1074,.T.);
#1048 = FACE_BOUND('',#1049,.F.);
#1049 = EDGE_LOOP('',(#1050,#1061,#1067,#1068));
#1050 = ORIENTED_EDGE('',*,*,#1051,.F.);
#1051 = EDGE_CURVE('',#1052,#1054,#1056,.T.);
#1052 = VERTEX_POINT('',#1053);
#1053 = CARTESIAN_POINT('',(1.447057682222,6.0544734754,0.));
#1054 = VERTEX_POINT('',#1055);
#1055 = CARTESIAN_POINT('',(0.597232218196,6.196284263779,0.));
#1056 = CIRCLE('',#1057,6.225);
#1057 = AXIS2_PLACEMENT_3D('',#1058,#1059,#1060);
#1058 = CARTESIAN_POINT('',(0.,-7.174736493547E-24,0.));
#1059 = DIRECTION('',(0.,0.,1.));
#1060 = DIRECTION('',(1.,0.,0.));
#1061 = ORIENTED_EDGE('',*,*,#1062,.T.);
#1062 = EDGE_CURVE('',#1052,#419,#1063,.T.);
#1063 = LINE('',#1064,#1065);
#1064 = CARTESIAN_POINT('',(1.447057682222,6.0544734754,0.));
#1065 = VECTOR('',#1066,1.);
#1066 = DIRECTION('',(0.,0.,1.));
#1067 = ORIENTED_EDGE('',*,*,#418,.T.);
#1068 = ORIENTED_EDGE('',*,*,#1069,.F.);
#1069 = EDGE_CURVE('',#1054,#410,#1070,.T.);
#1070 = LINE('',#1071,#1072);
#1071 = CARTESIAN_POINT('',(0.597232218196,6.196284263779,0.));
#1072 = VECTOR('',#1073,1.);
#1073 = DIRECTION('',(0.,0.,1.));
#1074 = CYLINDRICAL_SURFACE('',#1075,6.225);
#1075 = AXIS2_PLACEMENT_3D('',#1076,#1077,#1078);
#1076 = CARTESIAN_POINT('',(0.,-7.174736493547E-24,0.));
#1077 = DIRECTION('',(-0.,-0.,-1.));
#1078 = DIRECTION('',(1.,0.,0.));
#1079 = ADVANCED_FACE('',(#1080),#1106,.T.);
#1080 = FACE_BOUND('',#1081,.F.);
#1081 = EDGE_LOOP('',(#1082,#1093,#1099,#1100));
#1082 = ORIENTED_EDGE('',*,*,#1083,.F.);
#1083 = EDGE_CURVE('',#1084,#1086,#1088,.T.);
#1084 = VERTEX_POINT('',#1085);
#1085 = CARTESIAN_POINT('',(-2.423855282584,-5.733720482295,0.));
#1086 = VERTEX_POINT('',#1087);
#1087 = CARTESIAN_POINT('',(-1.608961618833,-6.013473830418,0.));
#1088 = CIRCLE('',#1089,6.225);
#1089 = AXIS2_PLACEMENT_3D('',#1090,#1091,#1092);
#1090 = CARTESIAN_POINT('',(1.180922813528E-24,7.076882439346E-24,0.));
#1091 = DIRECTION('',(0.,0.,1.));
#1092 = DIRECTION('',(-0.986361303403,0.164594590281,0.));
#1093 = ORIENTED_EDGE('',*,*,#1094,.T.);
#1094 = EDGE_CURVE('',#1084,#176,#1095,.T.);
#1095 = LINE('',#1096,#1097);
#1096 = CARTESIAN_POINT('',(-2.423855282584,-5.733720482295,0.));
#1097 = VECTOR('',#1098,1.);
#1098 = DIRECTION('',(0.,0.,1.));
#1099 = ORIENTED_EDGE('',*,*,#175,.T.);
#1100 = ORIENTED_EDGE('',*,*,#1101,.F.);
#1101 = EDGE_CURVE('',#1086,#167,#1102,.T.);
#1102 = LINE('',#1103,#1104);
#1103 = CARTESIAN_POINT('',(-1.608961618833,-6.013473830418,0.));
#1104 = VECTOR('',#1105,1.);
#1105 = DIRECTION('',(0.,0.,1.));
#1106 = CYLINDRICAL_SURFACE('',#1107,6.225);
#1107 = AXIS2_PLACEMENT_3D('',#1108,#1109,#1110);
#1108 = CARTESIAN_POINT('',(1.180922813528E-24,7.076882439346E-24,0.));
#1109 = DIRECTION('',(0.,0.,-1.));
#1110 = DIRECTION('',(-0.986361303403,0.164594590281,0.));
#1111 = ADVANCED_FACE('',(#1112),#1123,.T.);
#1112 = FACE_BOUND('',#1113,.T.);
#1113 = EDGE_LOOP('',(#1114,#1115,#1116));
#1114 = ORIENTED_EDGE('',*,*,#400,.F.);
#1115 = ORIENTED_EDGE('',*,*,#409,.F.);
#1116 = ORIENTED_EDGE('',*,*,#1117,.T.);
#1117 = EDGE_CURVE('',#410,#392,#1118,.T.);
#1118 = CIRCLE('',#1119,0.6);
#1119 = AXIS2_PLACEMENT_3D('',#1120,#1121,#1122);
#1120 = CARTESIAN_POINT('',(-2.982172768521E-23,6.25384881493,12.));
#1121 = DIRECTION('',(0.,0.,1.));
#1122 = DIRECTION('',(1.,0.,0.));
#1123 = PLANE('',#1124);
#1124 = AXIS2_PLACEMENT_3D('',#1125,#1126,#1127);
#1125 = CARTESIAN_POINT('',(0.234140694894,3.67605254532,12.));
#1126 = DIRECTION('',(0.,0.,1.));
#1127 = DIRECTION('',(1.,0.,0.));
#1128 = ADVANCED_FACE('',(#1129),#1140,.T.);
#1129 = FACE_BOUND('',#1130,.T.);
#1130 = EDGE_LOOP('',(#1131,#1132,#1133));
#1131 = ORIENTED_EDGE('',*,*,#184,.F.);
#1132 = ORIENTED_EDGE('',*,*,#193,.F.);
#1133 = ORIENTED_EDGE('',*,*,#1134,.T.);
#1134 = EDGE_CURVE('',#194,#176,#1135,.T.);
#1135 = CIRCLE('',#1136,0.6);
#1136 = AXIS2_PLACEMENT_3D('',#1137,#1138,#1139);
#1137 = CARTESIAN_POINT('',(-2.976503039914,-5.500095876745,12.));
#1138 = DIRECTION('',(0.,0.,1.));
#1139 = DIRECTION('',(-0.879473751206,0.475947393037,0.));
#1140 = PLANE('',#1141);
#1141 = AXIS2_PLACEMENT_3D('',#1142,#1143,#1144);
#1142 = CARTESIAN_POINT('',(-1.95552822086,-3.121553068326,12.));
#1143 = DIRECTION('',(0.,0.,1.));
#1144 = DIRECTION('',(-0.879473751206,0.475947393037,0.));
#1145 = ADVANCED_FACE('',(#1146),#1172,.T.);
#1146 = FACE_BOUND('',#1147,.F.);
#1147 = EDGE_LOOP('',(#1148,#1159,#1165,#1166));
#1148 = ORIENTED_EDGE('',*,*,#1149,.F.);
#1149 = EDGE_CURVE('',#1150,#1152,#1154,.T.);
#1150 = VERTEX_POINT('',#1151);
#1151 = CARTESIAN_POINT('',(-0.597232218196,6.196284263779,0.));
#1152 = VERTEX_POINT('',#1153);
#1153 = CARTESIAN_POINT('',(-1.447057682222,6.0544734754,0.));
#1154 = CIRCLE('',#1155,6.225);
#1155 = AXIS2_PLACEMENT_3D('',#1156,#1157,#1158);
#1156 = CARTESIAN_POINT('',(2.329633131138E-24,-6.785989480256E-24,0.));
#1157 = DIRECTION('',(0.,-0.,1.));
#1158 = DIRECTION('',(0.945817241701,0.324699469205,0.));
#1159 = ORIENTED_EDGE('',*,*,#1160,.T.);
#1160 = EDGE_CURVE('',#1150,#392,#1161,.T.);
#1161 = LINE('',#1162,#1163);
#1162 = CARTESIAN_POINT('',(-0.597232218196,6.196284263779,0.));
#1163 = VECTOR('',#1164,1.);
#1164 = DIRECTION('',(0.,0.,1.));
#1165 = ORIENTED_EDGE('',*,*,#391,.T.);
#1166 = ORIENTED_EDGE('',*,*,#1167,.F.);
#1167 = EDGE_CURVE('',#1152,#383,#1168,.T.);
#1168 = LINE('',#1169,#1170);
#1169 = CARTESIAN_POINT('',(-1.447057682222,6.0544734754,0.));
#1170 = VECTOR('',#1171,1.);
#1171 = DIRECTION('',(0.,0.,1.));
#1172 = CYLINDRICAL_SURFACE('',#1173,6.225);
#1173 = AXIS2_PLACEMENT_3D('',#1174,#1175,#1176);
#1174 = CARTESIAN_POINT('',(2.329633131138E-24,-6.785989480256E-24,0.));
#1175 = DIRECTION('',(0.,-0.,-1.));
#1176 = DIRECTION('',(0.945817241701,0.324699469205,0.));
#1177 = ADVANCED_FACE('',(#1178),#1204,.T.);
#1178 = FACE_BOUND('',#1179,.F.);
#1179 = EDGE_LOOP('',(#1180,#1191,#1197,#1198));
#1180 = ORIENTED_EDGE('',*,*,#1181,.F.);
#1181 = EDGE_CURVE('',#1182,#1184,#1186,.T.);
#1182 = VERTEX_POINT('',#1183);
#1183 = CARTESIAN_POINT('',(-4.154260114825,-4.636027167563,0.));
#1184 = VERTEX_POINT('',#1185);
#1185 = CARTESIAN_POINT('',(-3.47435540114,-5.165218247719,0.));
#1186 = CIRCLE('',#1187,6.225);
#1187 = AXIS2_PLACEMENT_3D('',#1188,#1189,#1190);
#1188 = CARTESIAN_POINT('',(3.414797129832E-24,6.309992417898E-24,0.));
#1189 = DIRECTION('',(0.,0.,1.));
#1190 = DIRECTION('',(-0.879473751206,0.475947393037,0.));
#1191 = ORIENTED_EDGE('',*,*,#1192,.T.);
#1192 = EDGE_CURVE('',#1182,#203,#1193,.T.);
#1193 = LINE('',#1194,#1195);
#1194 = CARTESIAN_POINT('',(-4.154260114825,-4.636027167563,0.));
#1195 = VECTOR('',#1196,1.);
#1196 = DIRECTION('',(0.,0.,1.));
#1197 = ORIENTED_EDGE('',*,*,#202,.T.);
#1198 = ORIENTED_EDGE('',*,*,#1199,.F.);
#1199 = EDGE_CURVE('',#1184,#194,#1200,.T.);
#1200 = LINE('',#1201,#1202);
#1201 = CARTESIAN_POINT('',(-3.47435540114,-5.165218247719,0.));
#1202 = VECTOR('',#1203,1.);
#1203 = DIRECTION('',(0.,0.,1.));
#1204 = CYLINDRICAL_SURFACE('',#1205,6.225);
#1205 = AXIS2_PLACEMENT_3D('',#1206,#1207,#1208);
#1206 = CARTESIAN_POINT('',(3.414797129832E-24,6.309992417898E-24,0.));
#1207 = DIRECTION('',(0.,0.,-1.));
#1208 = DIRECTION('',(-0.879473751206,0.475947393037,0.));
#1209 = ADVANCED_FACE('',(#1210),#1221,.T.);
#1210 = FACE_BOUND('',#1211,.T.);
#1211 = EDGE_LOOP('',(#1212,#1213,#1214));
#1212 = ORIENTED_EDGE('',*,*,#373,.F.);
#1213 = ORIENTED_EDGE('',*,*,#382,.F.);
#1214 = ORIENTED_EDGE('',*,*,#1215,.T.);
#1215 = EDGE_CURVE('',#383,#365,#1216,.T.);
#1216 = CIRCLE('',#1217,0.6);
#1217 = AXIS2_PLACEMENT_3D('',#1218,#1219,#1220);
#1218 = CARTESIAN_POINT('',(-2.030621390694,5.91499803615,12.));
#1219 = DIRECTION('',(0.,-0.,1.));
#1220 = DIRECTION('',(0.945817241701,0.324699469205,0.));
#1221 = PLANE('',#1222);
#1222 = AXIS2_PLACEMENT_3D('',#1223,#1224,#1225);
#1223 = CARTESIAN_POINT('',(-0.97215800402,3.552899238112,12.));
#1224 = DIRECTION('',(0.,0.,1.));
#1225 = DIRECTION('',(0.945817241701,0.324699469205,0.));
#1226 = ADVANCED_FACE('',(#1227),#1238,.T.);
#1227 = FACE_BOUND('',#1228,.T.);
#1228 = EDGE_LOOP('',(#1229,#1230,#1231));
#1229 = ORIENTED_EDGE('',*,*,#211,.F.);
#1230 = ORIENTED_EDGE('',*,*,#220,.F.);
#1231 = ORIENTED_EDGE('',*,*,#1232,.T.);
#1232 = EDGE_CURVE('',#221,#203,#1233,.T.);
#1233 = CIRCLE('',#1234,0.6);
#1234 = AXIS2_PLACEMENT_3D('',#1235,#1236,#1237);
#1235 = CARTESIAN_POINT('',(-4.601106106879,-4.235616554085,12.));
#1236 = DIRECTION('',(0.,0.,1.));
#1237 = DIRECTION('',(-0.677281571626,0.735723910673,0.));
#1238 = PLANE('',#1239);
#1239 = AXIS2_PLACEMENT_3D('',#1240,#1241,#1242);
#1240 = CARTESIAN_POINT('',(-2.863138932302,-2.317459737578,12.));
#1241 = DIRECTION('',(0.,0.,1.));
#1242 = DIRECTION('',(-0.677281571626,0.735723910673,0.));
#1243 = ADVANCED_FACE('',(#1244),#1270,.T.);
#1244 = FACE_BOUND('',#1245,.F.);
#1245 = EDGE_LOOP('',(#1246,#1257,#1263,#1264));
#1246 = ORIENTED_EDGE('',*,*,#1247,.F.);
#1247 = EDGE_CURVE('',#1248,#1250,#1252,.T.);
#1248 = VERTEX_POINT('',#1249);
#1249 = CARTESIAN_POINT('',(-2.576802740759,5.66663150692,0.));
#1250 = VERTEX_POINT('',#1251);
#1251 = CARTESIAN_POINT('',(-3.334536429357,5.256566541127,0.));
#1252 = CIRCLE('',#1253,6.225);
#1253 = AXIS2_PLACEMENT_3D('',#1254,#1255,#1256);
#1254 = CARTESIAN_POINT('',(4.406814364535E-24,-5.661875211303E-24,0.));
#1255 = DIRECTION('',(0.,-0.,1.));
#1256 = DIRECTION('',(0.789140509396,0.61421271269,0.));
#1257 = ORIENTED_EDGE('',*,*,#1258,.T.);
#1258 = EDGE_CURVE('',#1248,#365,#1259,.T.);
#1259 = LINE('',#1260,#1261);
#1260 = CARTESIAN_POINT('',(-2.576802740759,5.66663150692,0.));
#1261 = VECTOR('',#1262,1.);
#1262 = DIRECTION('',(0.,0.,1.));
#1263 = ORIENTED_EDGE('',*,*,#364,.T.);
#1264 = ORIENTED_EDGE('',*,*,#1265,.F.);
#1265 = EDGE_CURVE('',#1250,#356,#1266,.T.);
#1266 = LINE('',#1267,#1268);
#1267 = CARTESIAN_POINT('',(-3.334536429357,5.256566541127,0.));
#1268 = VECTOR('',#1269,1.);
#1269 = DIRECTION('',(0.,0.,1.));
#1270 = CYLINDRICAL_SURFACE('',#1271,6.225);
#1271 = AXIS2_PLACEMENT_3D('',#1272,#1273,#1274);
#1272 = CARTESIAN_POINT('',(4.406814364535E-24,-5.661875211303E-24,0.));
#1273 = DIRECTION('',(0.,-0.,-1.));
#1274 = DIRECTION('',(0.789140509396,0.61421271269,0.));
#1275 = ADVANCED_FACE('',(#1276),#1302,.T.);
#1276 = FACE_BOUND('',#1277,.F.);
#1277 = EDGE_LOOP('',(#1278,#1289,#1295,#1296));
#1278 = ORIENTED_EDGE('',*,*,#1279,.F.);
#1279 = EDGE_CURVE('',#1280,#1282,#1284,.T.);
#1280 = VERTEX_POINT('',#1281);
#1281 = CARTESIAN_POINT('',(-5.434486403636,-3.035948373852,0.));
#1282 = VERTEX_POINT('',#1283);
#1283 = CARTESIAN_POINT('',(-4.963248865555,-3.757231121261,0.));
#1284 = CIRCLE('',#1285,6.225);
#1285 = AXIS2_PLACEMENT_3D('',#1286,#1287,#1288);
#1286 = CARTESIAN_POINT('',(5.278625191082E-24,4.85931680835E-24,0.));
#1287 = DIRECTION('',(0.,0.,1.));
#1288 = DIRECTION('',(-0.677281571626,0.735723910673,0.));
#1289 = ORIENTED_EDGE('',*,*,#1290,.T.);
#1290 = EDGE_CURVE('',#1280,#230,#1291,.T.);
#1291 = LINE('',#1292,#1293);
#1292 = CARTESIAN_POINT('',(-5.434486403636,-3.035948373852,0.));
#1293 = VECTOR('',#1294,1.);
#1294 = DIRECTION('',(0.,0.,1.));
#1295 = ORIENTED_EDGE('',*,*,#229,.T.);
#1296 = ORIENTED_EDGE('',*,*,#1297,.F.);
#1297 = EDGE_CURVE('',#1282,#221,#1298,.T.);
#1298 = LINE('',#1299,#1300);
#1299 = CARTESIAN_POINT('',(-4.963248865555,-3.757231121261,0.));
#1300 = VECTOR('',#1301,1.);
#1301 = DIRECTION('',(0.,0.,1.));
#1302 = CYLINDRICAL_SURFACE('',#1303,6.225);
#1303 = AXIS2_PLACEMENT_3D('',#1304,#1305,#1306);
#1304 = CARTESIAN_POINT('',(5.278625191082E-24,4.85931680835E-24,0.));
#1305 = DIRECTION('',(0.,0.,-1.));
#1306 = DIRECTION('',(-0.677281571626,0.735723910673,0.));
#1307 = ADVANCED_FACE('',(#1308),#1319,.T.);
#1308 = FACE_BOUND('',#1309,.T.);
#1309 = EDGE_LOOP('',(#1310,#1311,#1312));
#1310 = ORIENTED_EDGE('',*,*,#346,.F.);
#1311 = ORIENTED_EDGE('',*,*,#355,.F.);
#1312 = ORIENTED_EDGE('',*,*,#1313,.T.);
#1313 = EDGE_CURVE('',#356,#338,#1314,.T.);
#1314 = CIRCLE('',#1315,0.6);
#1315 = AXIS2_PLACEMENT_3D('',#1316,#1317,#1318);
#1316 = CARTESIAN_POINT('',(-3.841193445369,4.935165439502,12.));
#1317 = DIRECTION('',(0.,-0.,1.));
#1318 = DIRECTION('',(0.789140509396,0.61421271269,0.));
#1319 = PLANE('',#1320);
#1320 = AXIS2_PLACEMENT_3D('',#1321,#1322,#1323);
#1321 = CARTESIAN_POINT('',(-2.073108298612,3.044734169543,12.));
#1322 = DIRECTION('',(0.,0.,1.));
#1323 = DIRECTION('',(0.789140509396,0.61421271269,0.));
#1324 = ADVANCED_FACE('',(#1325),#1336,.T.);
#1325 = FACE_BOUND('',#1326,.T.);
#1326 = EDGE_LOOP('',(#1327,#1328,#1329));
#1327 = ORIENTED_EDGE('',*,*,#238,.F.);
#1328 = ORIENTED_EDGE('',*,*,#247,.F.);
#1329 = ORIENTED_EDGE('',*,*,#1330,.T.);
#1330 = EDGE_CURVE('',#248,#230,#1331,.T.);
#1331 = CIRCLE('',#1332,0.6);
#1332 = AXIS2_PLACEMENT_3D('',#1333,#1334,#1335);
#1333 = CARTESIAN_POINT('',(-5.727107933646,-2.512142455429,12.));
#1334 = DIRECTION('',(0.,0.,1.));
#1335 = DIRECTION('',(-0.401695424653,0.915773326655,0.));
#1336 = PLANE('',#1337);
#1337 = AXIS2_PLACEMENT_3D('',#1338,#1339,#1340);
#1338 = CARTESIAN_POINT('',(-3.46048411425,-1.262233685171,12.));
#1339 = DIRECTION('',(0.,0.,1.));
#1340 = DIRECTION('',(-0.401695424653,0.915773326655,0.));
#1341 = ADVANCED_FACE('',(#1342),#1368,.T.);
#1342 = FACE_BOUND('',#1343,.F.);
#1343 = EDGE_LOOP('',(#1344,#1355,#1361,#1362));
#1344 = ORIENTED_EDGE('',*,*,#1345,.F.);
#1345 = EDGE_CURVE('',#1346,#1348,#1350,.T.);
#1346 = VERTEX_POINT('',#1347);
#1347 = CARTESIAN_POINT('',(-4.277136703146,4.52291129944,0.));
#1348 = VERTEX_POINT('',#1349);
#1349 = CARTESIAN_POINT('',(-4.860666413708,3.889029058088,0.));
#1350 = CIRCLE('',#1351,6.225);
#1351 = AXIS2_PLACEMENT_3D('',#1352,#1353,#1354);
#1352 = CARTESIAN_POINT('',(6.006448882765E-24,-3.924208910159E-24,0.));
#1353 = DIRECTION('',(0.,-0.,1.));
#1354 = DIRECTION('',(0.546948158122,0.837166478263,0.));
#1355 = ORIENTED_EDGE('',*,*,#1356,.T.);
#1356 = EDGE_CURVE('',#1346,#338,#1357,.T.);
#1357 = LINE('',#1358,#1359);
#1358 = CARTESIAN_POINT('',(-4.277136703146,4.52291129944,0.));
#1359 = VECTOR('',#1360,1.);
#1360 = DIRECTION('',(0.,0.,1.));
#1361 = ORIENTED_EDGE('',*,*,#337,.T.);
#1362 = ORIENTED_EDGE('',*,*,#1363,.F.);
#1363 = EDGE_CURVE('',#1348,#329,#1364,.T.);
#1364 = LINE('',#1365,#1366);
#1365 = CARTESIAN_POINT('',(-4.860666413708,3.889029058088,0.));
#1366 = VECTOR('',#1367,1.);
#1367 = DIRECTION('',(0.,0.,1.));
#1368 = CYLINDRICAL_SURFACE('',#1369,6.225);
#1369 = AXIS2_PLACEMENT_3D('',#1370,#1371,#1372);
#1370 = CARTESIAN_POINT('',(6.006448882765E-24,-3.924208910159E-24,0.));
#1371 = DIRECTION('',(0.,-0.,-1.));
#1372 = DIRECTION('',(0.546948158122,0.837166478263,0.));
#1373 = ADVANCED_FACE('',(#1374),#1400,.T.);
#1374 = FACE_BOUND('',#1375,.F.);
#1375 = EDGE_LOOP('',(#1376,#1387,#1393,#1394));
#1376 = ORIENTED_EDGE('',*,*,#1377,.F.);
#1377 = EDGE_CURVE('',#1378,#1380,#1382,.T.);
#1378 = VERTEX_POINT('',#1379);
#1379 = CARTESIAN_POINT('',(-6.125801765869,-1.106877466241,0.));
#1380 = VERTEX_POINT('',#1381);
#1381 = CARTESIAN_POINT('',(-5.914297302645,-1.942089703367,0.));
#1382 = CIRCLE('',#1383,6.225);
#1383 = AXIS2_PLACEMENT_3D('',#1384,#1385,#1386);
#1384 = CARTESIAN_POINT('',(6.570432306569E-24,2.882058822549E-24,0.));
#1385 = DIRECTION('',(0.,0.,1.));
#1386 = DIRECTION('',(-0.401695424653,0.915773326655,0.));
#1387 = ORIENTED_EDGE('',*,*,#1388,.T.);
#1388 = EDGE_CURVE('',#1378,#257,#1389,.T.);
#1389 = LINE('',#1390,#1391);
#1390 = CARTESIAN_POINT('',(-6.125801765869,-1.106877466241,0.));
#1391 = VECTOR('',#1392,1.);
#1392 = DIRECTION('',(0.,0.,1.));
#1393 = ORIENTED_EDGE('',*,*,#256,.T.);
#1394 = ORIENTED_EDGE('',*,*,#1395,.F.);
#1395 = EDGE_CURVE('',#1380,#248,#1396,.T.);
#1396 = LINE('',#1397,#1398);
#1397 = CARTESIAN_POINT('',(-5.914297302645,-1.942089703367,0.));
#1398 = VECTOR('',#1399,1.);
#1399 = DIRECTION('',(0.,0.,1.));
#1400 = CYLINDRICAL_SURFACE('',#1401,6.225);
#1401 = AXIS2_PLACEMENT_3D('',#1402,#1403,#1404);
#1402 = CARTESIAN_POINT('',(6.570432306569E-24,2.882058822549E-24,0.));
#1403 = DIRECTION('',(0.,0.,-1.));
#1404 = DIRECTION('',(-0.401695424653,0.915773326655,0.));
#1405 = ADVANCED_FACE('',(#1406),#1417,.T.);
#1406 = FACE_BOUND('',#1407,.T.);
#1407 = EDGE_LOOP('',(#1408,#1409,#1410));
#1408 = ORIENTED_EDGE('',*,*,#319,.F.);
#1409 = ORIENTED_EDGE('',*,*,#328,.F.);
#1410 = ORIENTED_EDGE('',*,*,#1411,.T.);
#1411 = EDGE_CURVE('',#329,#311,#1412,.T.);
#1412 = CIRCLE('',#1413,0.6);
#1413 = AXIS2_PLACEMENT_3D('',#1414,#1415,#1416);
#1414 = CARTESIAN_POINT('',(-5.235512587981,3.420531090502,12.));
#1415 = DIRECTION('',(0.,-0.,1.));
#1416 = DIRECTION('',(0.546948158122,0.837166478263,0.));
#1417 = PLANE('',#1418);
#1418 = AXIS2_PLACEMENT_3D('',#1419,#1420,#1421);
#1419 = CARTESIAN_POINT('',(-2.94940514146,2.206624909786,12.));
#1420 = DIRECTION('',(0.,0.,1.));
#1421 = DIRECTION('',(0.546948158122,0.837166478263,0.));
#1422 = ADVANCED_FACE('',(#1423),#1434,.T.);
#1423 = FACE_BOUND('',#1424,.T.);
#1424 = EDGE_LOOP('',(#1425,#1426,#1427));
#1425 = ORIENTED_EDGE('',*,*,#265,.F.);
#1426 = ORIENTED_EDGE('',*,*,#274,.F.);
#1427 = ORIENTED_EDGE('',*,*,#1428,.T.);
#1428 = EDGE_CURVE('',#275,#257,#1429,.T.);
#1429 = CIRCLE('',#1430,0.6);
#1430 = AXIS2_PLACEMENT_3D('',#1431,#1432,#1433);
#1431 = CARTESIAN_POINT('',(-6.232488750567,-0.51643874182,12.));
#1432 = DIRECTION('',(0.,0.,1.));
#1433 = DIRECTION('',(-8.257934547233E-02,0.996584493007,0.));
#1434 = PLANE('',#1435);
#1435 = AXIS2_PLACEMENT_3D('',#1436,#1437,#1438);
#1436 = CARTESIAN_POINT('',(-3.682832147476,-7.022502740155E-02,12.));
#1437 = DIRECTION('',(0.,0.,1.));
#1438 = DIRECTION('',(-8.257934547233E-02,0.996584493007,0.));
#1439 = ADVANCED_FACE('',(#1440),#1466,.T.);
#1440 = FACE_BOUND('',#1441,.F.);
#1441 = EDGE_LOOP('',(#1442,#1453,#1459,#1460));
#1442 = ORIENTED_EDGE('',*,*,#1443,.F.);
#1443 = EDGE_CURVE('',#1444,#1446,#1448,.T.);
#1444 = VERTEX_POINT('',#1445);
#1445 = CARTESIAN_POINT('',(-5.513976537134,2.889063472465,0.));
#1446 = VERTEX_POINT('',#1447);
#1447 = CARTESIAN_POINT('',(-5.860067771123,2.100054932103,0.));
#1448 = CIRCLE('',#1449,6.225);
#1449 = AXIS2_PLACEMENT_3D('',#1450,#1451,#1452);
#1450 = CARTESIAN_POINT('',(6.955191464889E-24,-1.761293683225E-24,0.));
#1451 = DIRECTION('',(0.,-0.,1.));
#1452 = DIRECTION('',(0.245485487141,0.969400265939,0.));
#1453 = ORIENTED_EDGE('',*,*,#1454,.T.);
#1454 = EDGE_CURVE('',#1444,#311,#1455,.T.);
#1455 = LINE('',#1456,#1457);
#1456 = CARTESIAN_POINT('',(-5.513976537134,2.889063472465,0.));
#1457 = VECTOR('',#1458,1.);
#1458 = DIRECTION('',(0.,0.,1.));
#1459 = ORIENTED_EDGE('',*,*,#310,.T.);
#1460 = ORIENTED_EDGE('',*,*,#1461,.F.);
#1461 = EDGE_CURVE('',#1446,#302,#1462,.T.);
#1462 = LINE('',#1463,#1464);
#1463 = CARTESIAN_POINT('',(-5.860067771123,2.100054932103,0.));
#1464 = VECTOR('',#1465,1.);
#1465 = DIRECTION('',(0.,0.,1.));
#1466 = CYLINDRICAL_SURFACE('',#1467,6.225);
#1467 = AXIS2_PLACEMENT_3D('',#1468,#1469,#1470);
#1468 = CARTESIAN_POINT('',(6.955191464889E-24,-1.761293683225E-24,0.));
#1469 = DIRECTION('',(0.,-0.,-1.));
#1470 = DIRECTION('',(0.245485487141,0.969400265939,0.));
#1471 = ADVANCED_FACE('',(#1472),#1498,.T.);
#1472 = FACE_BOUND('',#1473,.F.);
#1473 = EDGE_LOOP('',(#1474,#1485,#1491,#1492));
#1474 = ORIENTED_EDGE('',*,*,#1475,.F.);
#1475 = EDGE_CURVE('',#1476,#1478,#1480,.T.);
#1476 = VERTEX_POINT('',#1477);
#1477 = CARTESIAN_POINT('',(-6.153291455162,0.94214078981,0.));
#1478 = VERTEX_POINT('',#1479);
#1479 = CARTESIAN_POINT('',(-6.224439857216,8.350726851429E-02,0.));
#1480 = CIRCLE('',#1481,6.225);
#1481 = AXIS2_PLACEMENT_3D('',#1482,#1483,#1484);
#1482 = CARTESIAN_POINT('',(7.150231130878E-24,5.924850435736E-25,0.));
#1483 = DIRECTION('',(0.,0.,1.));
#1484 = DIRECTION('',(-8.257934547233E-02,0.996584493007,0.));
#1485 = ORIENTED_EDGE('',*,*,#1486,.T.);
#1486 = EDGE_CURVE('',#1476,#284,#1487,.T.);
#1487 = LINE('',#1488,#1489);
#1488 = CARTESIAN_POINT('',(-6.153291455162,0.94214078981,0.));
#1489 = VECTOR('',#1490,1.);
#1490 = DIRECTION('',(0.,0.,1.));
#1491 = ORIENTED_EDGE('',*,*,#283,.T.);
#1492 = ORIENTED_EDGE('',*,*,#1493,.F.);
#1493 = EDGE_CURVE('',#1478,#275,#1494,.T.);
#1494 = LINE('',#1495,#1496);
#1495 = CARTESIAN_POINT('',(-6.224439857216,8.350726851429E-02,0.));
#1496 = VECTOR('',#1497,1.);
#1497 = DIRECTION('',(0.,0.,1.));
#1498 = CYLINDRICAL_SURFACE('',#1499,6.225);
#1499 = AXIS2_PLACEMENT_3D('',#1500,#1501,#1502);
#1500 = CARTESIAN_POINT('',(7.150231130878E-24,5.924850435736E-25,0.));
#1501 = DIRECTION('',(0.,0.,-1.));
#1502 = DIRECTION('',(-8.257934547233E-02,0.996584493007,0.));
#1503 = ADVANCED_FACE('',(#1504),#1515,.T.);
#1504 = FACE_BOUND('',#1505,.T.);
#1505 = EDGE_LOOP('',(#1506,#1507,#1508));
#1506 = ORIENTED_EDGE('',*,*,#292,.F.);
#1507 = ORIENTED_EDGE('',*,*,#301,.F.);
#1508 = ORIENTED_EDGE('',*,*,#1509,.T.);
#1509 = EDGE_CURVE('',#302,#284,#1510,.T.);
#1510 = CIRCLE('',#1511,0.6);
#1511 = AXIS2_PLACEMENT_3D('',#1512,#1513,#1514);
#1512 = CARTESIAN_POINT('',(-6.062482704337,1.535229122838,12.));
#1513 = DIRECTION('',(0.,-0.,1.));
#1514 = DIRECTION('',(0.245485487141,0.969400265939,0.));
#1515 = PLANE('',#1516);
#1516 = AXIS2_PLACEMENT_3D('',#1517,#1518,#1519);
#1517 = CARTESIAN_POINT('',(-3.506088172494,1.12939360174,12.));
#1518 = DIRECTION('',(0.,0.,1.));
#1519 = DIRECTION('',(0.245485487141,0.969400265939,0.));
#1520 = ADVANCED_FACE('',(#1521),#1524,.T.);
#1521 = FACE_BOUND('',#1522,.T.);
#1522 = EDGE_LOOP('',(#1523));
#1523 = ORIENTED_EDGE('',*,*,#577,.T.);
#1524 = PLANE('',#1525);
#1525 = AXIS2_PLACEMENT_3D('',#1526,#1527,#1528);
#1526 = CARTESIAN_POINT('',(-2.196690975967E-16,4.04893081967E-16,13.));
#1527 = DIRECTION('',(0.,0.,1.));
#1528 = DIRECTION('',(1.,0.,0.));
#1529 = ADVANCED_FACE('',(#1530),#1542,.T.);
#1530 = FACE_BOUND('',#1531,.F.);
#1531 = EDGE_LOOP('',(#1532,#1533,#1534,#1535));
#1532 = ORIENTED_EDGE('',*,*,#628,.T.);
#1533 = ORIENTED_EDGE('',*,*,#595,.T.);
#1534 = ORIENTED_EDGE('',*,*,#670,.F.);
#1535 = ORIENTED_EDGE('',*,*,#1536,.F.);
#1536 = EDGE_CURVE('',#613,#660,#1537,.T.);
#1537 = CIRCLE('',#1538,0.6);
#1538 = AXIS2_PLACEMENT_3D('',#1539,#1540,#1541);
#1539 = CARTESIAN_POINT('',(6.232488750567,-0.51643874182,0.));
#1540 = DIRECTION('',(0.,0.,1.));
#1541 = DIRECTION('',(-8.257934547233E-02,-0.996584493007,0.));
#1542 = CYLINDRICAL_SURFACE('',#1543,0.6);
#1543 = AXIS2_PLACEMENT_3D('',#1544,#1545,#1546);
#1544 = CARTESIAN_POINT('',(6.232488750567,-0.51643874182,0.));
#1545 = DIRECTION('',(0.,0.,-1.));
#1546 = DIRECTION('',(-8.257934547233E-02,-0.996584493007,0.));
#1547 = ADVANCED_FACE('',(#1548),#1898,.T.);
#1548 = FACE_BOUND('',#1549,.F.);
#1549 = EDGE_LOOP('',(#1550,#1559,#1567,#1574,#1575,#1584,#1591,#1592,
    #1601,#1608,#1609,#1618,#1625,#1626,#1635,#1642,#1643,#1652,#1659,
    #1660,#1669,#1676,#1677,#1686,#1693,#1694,#1703,#1710,#1711,#1720,
    #1727,#1728,#1737,#1744,#1745,#1754,#1761,#1762,#1771,#1778,#1779,
    #1788,#1795,#1796,#1805,#1812,#1813,#1822,#1829,#1830,#1839,#1846,
    #1847,#1856,#1863,#1864,#1873,#1880,#1881,#1890,#1897));
#1550 = ORIENTED_EDGE('',*,*,#1551,.F.);
#1551 = EDGE_CURVE('',#1552,#613,#1554,.T.);
#1552 = VERTEX_POINT('',#1553);
#1553 = CARTESIAN_POINT('',(6.225,0.,0.));
#1554 = CIRCLE('',#1555,6.225);
#1555 = AXIS2_PLACEMENT_3D('',#1556,#1557,#1558);
#1556 = CARTESIAN_POINT('',(0.,0.,0.));
#1557 = DIRECTION('',(0.,0.,-1.));
#1558 = DIRECTION('',(1.,0.,0.));
#1559 = ORIENTED_EDGE('',*,*,#1560,.T.);
#1560 = EDGE_CURVE('',#1552,#1561,#1563,.T.);
#1561 = VERTEX_POINT('',#1562);
#1562 = CARTESIAN_POINT('',(6.225,0.,-3.));
#1563 = LINE('',#1564,#1565);
#1564 = CARTESIAN_POINT('',(6.225,0.,0.));
#1565 = VECTOR('',#1566,1.);
#1566 = DIRECTION('',(0.,0.,-1.));
#1567 = ORIENTED_EDGE('',*,*,#1568,.T.);
#1568 = EDGE_CURVE('',#1561,#1561,#1569,.T.);
#1569 = CIRCLE('',#1570,6.225);
#1570 = AXIS2_PLACEMENT_3D('',#1571,#1572,#1573);
#1571 = CARTESIAN_POINT('',(0.,0.,-3.));
#1572 = DIRECTION('',(0.,0.,-1.));
#1573 = DIRECTION('',(1.,0.,0.));
#1574 = ORIENTED_EDGE('',*,*,#1560,.F.);
#1575 = ORIENTED_EDGE('',*,*,#1576,.F.);
#1576 = EDGE_CURVE('',#1577,#1552,#1579,.T.);
#1577 = VERTEX_POINT('',#1578);
#1578 = CARTESIAN_POINT('',(6.224541975259,7.55129011187E-02,0.));
#1579 = CIRCLE('',#1580,6.225);
#1580 = AXIS2_PLACEMENT_3D('',#1581,#1582,#1583);
#1581 = CARTESIAN_POINT('',(0.,0.,0.));
#1582 = DIRECTION('',(0.,0.,-1.));
#1583 = DIRECTION('',(1.,0.,0.));
#1584 = ORIENTED_EDGE('',*,*,#1585,.T.);
#1585 = EDGE_CURVE('',#1577,#660,#1586,.T.);
#1586 = CIRCLE('',#1587,6.225);
#1587 = AXIS2_PLACEMENT_3D('',#1588,#1589,#1590);
#1588 = CARTESIAN_POINT('',(-6.955191464889E-24,-1.761293683225E-24,0.)
  );
#1589 = DIRECTION('',(-0.,0.,1.));
#1590 = DIRECTION('',(0.245485487141,-0.969400265939,0.));
#1591 = ORIENTED_EDGE('',*,*,#659,.T.);
#1592 = ORIENTED_EDGE('',*,*,#1593,.F.);
#1593 = EDGE_CURVE('',#1594,#662,#1596,.T.);
#1594 = VERTEX_POINT('',#1595);
#1595 = CARTESIAN_POINT('',(5.862760122978,2.092526879258,0.));
#1596 = CIRCLE('',#1597,6.225);
#1597 = AXIS2_PLACEMENT_3D('',#1598,#1599,#1600);
#1598 = CARTESIAN_POINT('',(0.,0.,0.));
#1599 = DIRECTION('',(0.,0.,-1.));
#1600 = DIRECTION('',(1.,0.,0.));
#1601 = ORIENTED_EDGE('',*,*,#1602,.T.);
#1602 = EDGE_CURVE('',#1594,#758,#1603,.T.);
#1603 = CIRCLE('',#1604,6.225);
#1604 = AXIS2_PLACEMENT_3D('',#1605,#1606,#1607);
#1605 = CARTESIAN_POINT('',(-6.006448882765E-24,-3.924208910159E-24,0.)
  );
#1606 = DIRECTION('',(-0.,0.,1.));
#1607 = DIRECTION('',(0.546948158122,-0.837166478263,0.));
#1608 = ORIENTED_EDGE('',*,*,#757,.T.);
#1609 = ORIENTED_EDGE('',*,*,#1610,.F.);
#1610 = EDGE_CURVE('',#1611,#760,#1613,.T.);
#1611 = VERTEX_POINT('',#1612);
#1612 = CARTESIAN_POINT('',(4.865657241276,3.88278310113,0.));
#1613 = CIRCLE('',#1614,6.225);
#1614 = AXIS2_PLACEMENT_3D('',#1615,#1616,#1617);
#1615 = CARTESIAN_POINT('',(0.,0.,0.));
#1616 = DIRECTION('',(0.,0.,-1.));
#1617 = DIRECTION('',(1.,0.,0.));
#1618 = ORIENTED_EDGE('',*,*,#1619,.T.);
#1619 = EDGE_CURVE('',#1611,#856,#1620,.T.);
#1620 = CIRCLE('',#1621,6.225);
#1621 = AXIS2_PLACEMENT_3D('',#1622,#1623,#1624);
#1622 = CARTESIAN_POINT('',(-4.406814364535E-24,-5.661875211303E-24,0.)
  );
#1623 = DIRECTION('',(-0.,0.,1.));
#1624 = DIRECTION('',(0.789140509396,-0.61421271269,0.));
#1625 = ORIENTED_EDGE('',*,*,#855,.T.);
#1626 = ORIENTED_EDGE('',*,*,#1627,.F.);
#1627 = EDGE_CURVE('',#1628,#858,#1630,.T.);
#1628 = VERTEX_POINT('',#1629);
#1629 = CARTESIAN_POINT('',(3.341284899031,5.252279526406,0.));
#1630 = CIRCLE('',#1631,6.225);
#1631 = AXIS2_PLACEMENT_3D('',#1632,#1633,#1634);
#1632 = CARTESIAN_POINT('',(0.,0.,0.));
#1633 = DIRECTION('',(0.,0.,-1.));
#1634 = DIRECTION('',(1.,0.,0.));
#1635 = ORIENTED_EDGE('',*,*,#1636,.T.);
#1636 = EDGE_CURVE('',#1628,#954,#1637,.T.);
#1637 = CIRCLE('',#1638,6.225);
#1638 = AXIS2_PLACEMENT_3D('',#1639,#1640,#1641);
#1639 = CARTESIAN_POINT('',(-2.329633131138E-24,-6.785989480256E-24,0.)
  );
#1640 = DIRECTION('',(-0.,0.,1.));
#1641 = DIRECTION('',(0.945817241701,-0.324699469205,0.));
#1642 = ORIENTED_EDGE('',*,*,#953,.T.);
#1643 = ORIENTED_EDGE('',*,*,#1644,.F.);
#1644 = EDGE_CURVE('',#1645,#956,#1647,.T.);
#1645 = VERTEX_POINT('',#1646);
#1646 = CARTESIAN_POINT('',(1.454832492599,6.052609967483,0.));
#1647 = CIRCLE('',#1648,6.225);
#1648 = AXIS2_PLACEMENT_3D('',#1649,#1650,#1651);
#1649 = CARTESIAN_POINT('',(0.,0.,0.));
#1650 = DIRECTION('',(0.,0.,-1.));
#1651 = DIRECTION('',(1.,0.,0.));
#1652 = ORIENTED_EDGE('',*,*,#1653,.T.);
#1653 = EDGE_CURVE('',#1645,#1052,#1654,.T.);
#1654 = CIRCLE('',#1655,6.225);
#1655 = AXIS2_PLACEMENT_3D('',#1656,#1657,#1658);
#1656 = CARTESIAN_POINT('',(0.,-7.174736493547E-24,0.));
#1657 = DIRECTION('',(0.,0.,1.));
#1658 = DIRECTION('',(1.,0.,0.));
#1659 = ORIENTED_EDGE('',*,*,#1051,.T.);
#1660 = ORIENTED_EDGE('',*,*,#1661,.F.);
#1661 = EDGE_CURVE('',#1662,#1054,#1664,.T.);
#1662 = VERTEX_POINT('',#1663);
#1663 = CARTESIAN_POINT('',(-0.589273588459,6.197046202663,0.));
#1664 = CIRCLE('',#1665,6.225);
#1665 = AXIS2_PLACEMENT_3D('',#1666,#1667,#1668);
#1666 = CARTESIAN_POINT('',(0.,0.,0.));
#1667 = DIRECTION('',(0.,0.,-1.));
#1668 = DIRECTION('',(1.,0.,0.));
#1669 = ORIENTED_EDGE('',*,*,#1670,.T.);
#1670 = EDGE_CURVE('',#1662,#1150,#1671,.T.);
#1671 = CIRCLE('',#1672,6.225);
#1672 = AXIS2_PLACEMENT_3D('',#1673,#1674,#1675);
#1673 = CARTESIAN_POINT('',(2.329633131138E-24,-6.785989480256E-24,0.));
#1674 = DIRECTION('',(0.,-0.,1.));
#1675 = DIRECTION('',(0.945817241701,0.324699469205,0.));
#1676 = ORIENTED_EDGE('',*,*,#1149,.T.);
#1677 = ORIENTED_EDGE('',*,*,#1678,.F.);
#1678 = EDGE_CURVE('',#1679,#1152,#1681,.T.);
#1679 = VERTEX_POINT('',#1680);
#1680 = CARTESIAN_POINT('',(-2.569522732685,5.669936324706,0.));
#1681 = CIRCLE('',#1682,6.225);
#1682 = AXIS2_PLACEMENT_3D('',#1683,#1684,#1685);
#1683 = CARTESIAN_POINT('',(0.,0.,0.));
#1684 = DIRECTION('',(0.,0.,-1.));
#1685 = DIRECTION('',(1.,0.,0.));
#1686 = ORIENTED_EDGE('',*,*,#1687,.T.);
#1687 = EDGE_CURVE('',#1679,#1248,#1688,.T.);
#1688 = CIRCLE('',#1689,6.225);
#1689 = AXIS2_PLACEMENT_3D('',#1690,#1691,#1692);
#1690 = CARTESIAN_POINT('',(4.406814364535E-24,-5.661875211303E-24,0.));
#1691 = DIRECTION('',(0.,-0.,1.));
#1692 = DIRECTION('',(0.789140509396,0.61421271269,0.));
#1693 = ORIENTED_EDGE('',*,*,#1247,.T.);
#1694 = ORIENTED_EDGE('',*,*,#1695,.F.);
#1695 = EDGE_CURVE('',#1696,#1250,#1698,.T.);
#1696 = VERTEX_POINT('',#1697);
#1697 = CARTESIAN_POINT('',(-4.271324218571,4.528400867839,0.));
#1698 = CIRCLE('',#1699,6.225);
#1699 = AXIS2_PLACEMENT_3D('',#1700,#1701,#1702);
#1700 = CARTESIAN_POINT('',(0.,0.,0.));
#1701 = DIRECTION('',(0.,0.,-1.));
#1702 = DIRECTION('',(1.,0.,0.));
#1703 = ORIENTED_EDGE('',*,*,#1704,.T.);
#1704 = EDGE_CURVE('',#1696,#1346,#1705,.T.);
#1705 = CIRCLE('',#1706,6.225);
#1706 = AXIS2_PLACEMENT_3D('',#1707,#1708,#1709);
#1707 = CARTESIAN_POINT('',(6.006448882765E-24,-3.924208910159E-24,0.));
#1708 = DIRECTION('',(0.,-0.,1.));
#1709 = DIRECTION('',(0.546948158122,0.837166478263,0.));
#1710 = ORIENTED_EDGE('',*,*,#1345,.T.);
#1711 = ORIENTED_EDGE('',*,*,#1712,.F.);
#1712 = EDGE_CURVE('',#1713,#1348,#1715,.T.);
#1713 = VERTEX_POINT('',#1714);
#1714 = CARTESIAN_POINT('',(-5.510261448952,2.896142911563,0.));
#1715 = CIRCLE('',#1716,6.225);
#1716 = AXIS2_PLACEMENT_3D('',#1717,#1718,#1719);
#1717 = CARTESIAN_POINT('',(0.,0.,0.));
#1718 = DIRECTION('',(0.,0.,-1.));
#1719 = DIRECTION('',(1.,0.,0.));
#1720 = ORIENTED_EDGE('',*,*,#1721,.T.);
#1721 = EDGE_CURVE('',#1713,#1444,#1722,.T.);
#1722 = CIRCLE('',#1723,6.225);
#1723 = AXIS2_PLACEMENT_3D('',#1724,#1725,#1726);
#1724 = CARTESIAN_POINT('',(6.955191464889E-24,-1.761293683225E-24,0.));
#1725 = DIRECTION('',(0.,-0.,1.));
#1726 = DIRECTION('',(0.245485487141,0.969400265939,0.));
#1727 = ORIENTED_EDGE('',*,*,#1443,.T.);
#1728 = ORIENTED_EDGE('',*,*,#1729,.F.);
#1729 = EDGE_CURVE('',#1730,#1446,#1732,.T.);
#1730 = VERTEX_POINT('',#1731);
#1731 = CARTESIAN_POINT('',(-6.152076350822,0.950042932532,0.));
#1732 = CIRCLE('',#1733,6.225);
#1733 = AXIS2_PLACEMENT_3D('',#1734,#1735,#1736);
#1734 = CARTESIAN_POINT('',(0.,0.,0.));
#1735 = DIRECTION('',(0.,0.,-1.));
#1736 = DIRECTION('',(1.,0.,0.));
#1737 = ORIENTED_EDGE('',*,*,#1738,.T.);
#1738 = EDGE_CURVE('',#1730,#1476,#1739,.T.);
#1739 = CIRCLE('',#1740,6.225);
#1740 = AXIS2_PLACEMENT_3D('',#1741,#1742,#1743);
#1741 = CARTESIAN_POINT('',(7.150231130878E-24,5.924850435736E-25,0.));
#1742 = DIRECTION('',(0.,0.,1.));
#1743 = DIRECTION('',(-8.257934547233E-02,0.996584493007,0.));
#1744 = ORIENTED_EDGE('',*,*,#1475,.T.);
#1745 = ORIENTED_EDGE('',*,*,#1746,.F.);
#1746 = EDGE_CURVE('',#1747,#1478,#1749,.T.);
#1747 = VERTEX_POINT('',#1748);
#1748 = CARTESIAN_POINT('',(-6.127218320781,-1.099008939674,0.));
#1749 = CIRCLE('',#1750,6.225);
#1750 = AXIS2_PLACEMENT_3D('',#1751,#1752,#1753);
#1751 = CARTESIAN_POINT('',(0.,0.,0.));
#1752 = DIRECTION('',(0.,0.,-1.));
#1753 = DIRECTION('',(1.,0.,0.));
#1754 = ORIENTED_EDGE('',*,*,#1755,.T.);
#1755 = EDGE_CURVE('',#1747,#1378,#1756,.T.);
#1756 = CIRCLE('',#1757,6.225);
#1757 = AXIS2_PLACEMENT_3D('',#1758,#1759,#1760);
#1758 = CARTESIAN_POINT('',(6.570432306569E-24,2.882058822549E-24,0.));
#1759 = DIRECTION('',(0.,0.,1.));
#1760 = DIRECTION('',(-0.401695424653,0.915773326655,0.));
#1761 = ORIENTED_EDGE('',*,*,#1377,.T.);
#1762 = ORIENTED_EDGE('',*,*,#1763,.F.);
#1763 = EDGE_CURVE('',#1764,#1380,#1766,.T.);
#1764 = VERTEX_POINT('',#1765);
#1765 = CARTESIAN_POINT('',(-5.438381112095,-3.028966140386,0.));
#1766 = CIRCLE('',#1767,6.225);
#1767 = AXIS2_PLACEMENT_3D('',#1768,#1769,#1770);
#1768 = CARTESIAN_POINT('',(0.,0.,0.));
#1769 = DIRECTION('',(0.,0.,-1.));
#1770 = DIRECTION('',(1.,0.,0.));
#1771 = ORIENTED_EDGE('',*,*,#1772,.T.);
#1772 = EDGE_CURVE('',#1764,#1280,#1773,.T.);
#1773 = CIRCLE('',#1774,6.225);
#1774 = AXIS2_PLACEMENT_3D('',#1775,#1776,#1777);
#1775 = CARTESIAN_POINT('',(5.278625191082E-24,4.85931680835E-24,0.));
#1776 = DIRECTION('',(0.,0.,1.));
#1777 = DIRECTION('',(-0.677281571626,0.735723910673,0.));
#1778 = ORIENTED_EDGE('',*,*,#1279,.T.);
#1779 = ORIENTED_EDGE('',*,*,#1780,.F.);
#1780 = EDGE_CURVE('',#1781,#1282,#1783,.T.);
#1781 = VERTEX_POINT('',#1782);
#1782 = CARTESIAN_POINT('',(-4.160210924737,-4.630687860535,0.));
#1783 = CIRCLE('',#1784,6.225);
#1784 = AXIS2_PLACEMENT_3D('',#1785,#1786,#1787);
#1785 = CARTESIAN_POINT('',(0.,0.,0.));
#1786 = DIRECTION('',(0.,0.,-1.));
#1787 = DIRECTION('',(1.,0.,0.));
#1788 = ORIENTED_EDGE('',*,*,#1789,.T.);
#1789 = EDGE_CURVE('',#1781,#1182,#1790,.T.);
#1790 = CIRCLE('',#1791,6.225);
#1791 = AXIS2_PLACEMENT_3D('',#1792,#1793,#1794);
#1792 = CARTESIAN_POINT('',(3.414797129832E-24,6.309992417898E-24,0.));
#1793 = DIRECTION('',(0.,0.,1.));
#1794 = DIRECTION('',(-0.879473751206,0.475947393037,0.));
#1795 = ORIENTED_EDGE('',*,*,#1181,.T.);
#1796 = ORIENTED_EDGE('',*,*,#1797,.F.);
#1797 = EDGE_CURVE('',#1798,#1184,#1800,.T.);
#1798 = VERTEX_POINT('',#1799);
#1799 = CARTESIAN_POINT('',(-2.431217331359,-5.730602698469,0.));
#1800 = CIRCLE('',#1801,6.225);
#1801 = AXIS2_PLACEMENT_3D('',#1802,#1803,#1804);
#1802 = CARTESIAN_POINT('',(0.,0.,0.));
#1803 = DIRECTION('',(0.,0.,-1.));
#1804 = DIRECTION('',(1.,0.,0.));
#1805 = ORIENTED_EDGE('',*,*,#1806,.T.);
#1806 = EDGE_CURVE('',#1798,#1084,#1807,.T.);
#1807 = CIRCLE('',#1808,6.225);
#1808 = AXIS2_PLACEMENT_3D('',#1809,#1810,#1811);
#1809 = CARTESIAN_POINT('',(1.180922813528E-24,7.076882439346E-24,0.));
#1810 = DIRECTION('',(0.,0.,1.));
#1811 = DIRECTION('',(-0.986361303403,0.164594590281,0.));
#1812 = ORIENTED_EDGE('',*,*,#1083,.T.);
#1813 = ORIENTED_EDGE('',*,*,#1814,.F.);
#1814 = EDGE_CURVE('',#1815,#1086,#1817,.T.);
#1815 = VERTEX_POINT('',#1816);
#1816 = CARTESIAN_POINT('',(-0.438763615905,-6.209517814562,0.));
#1817 = CIRCLE('',#1818,6.225);
#1818 = AXIS2_PLACEMENT_3D('',#1819,#1820,#1821);
#1819 = CARTESIAN_POINT('',(0.,0.,0.));
#1820 = DIRECTION('',(0.,0.,-1.));
#1821 = DIRECTION('',(1.,0.,0.));
#1822 = ORIENTED_EDGE('',*,*,#1823,.T.);
#1823 = EDGE_CURVE('',#1815,#986,#1824,.T.);
#1824 = CIRCLE('',#1825,6.225);
#1825 = AXIS2_PLACEMENT_3D('',#1826,#1827,#1828);
#1826 = CARTESIAN_POINT('',(-1.180922813528E-24,7.076882439346E-24,0.));
#1827 = DIRECTION('',(0.,0.,1.));
#1828 = DIRECTION('',(-0.986361303403,-0.164594590281,0.));
#1829 = ORIENTED_EDGE('',*,*,#985,.T.);
#1830 = ORIENTED_EDGE('',*,*,#1831,.F.);
#1831 = EDGE_CURVE('',#1832,#988,#1834,.T.);
#1832 = VERTEX_POINT('',#1833);
#1833 = CARTESIAN_POINT('',(1.601236945451,-6.01553532485,0.));
#1834 = CIRCLE('',#1835,6.225);
#1835 = AXIS2_PLACEMENT_3D('',#1836,#1837,#1838);
#1836 = CARTESIAN_POINT('',(0.,0.,0.));
#1837 = DIRECTION('',(0.,0.,-1.));
#1838 = DIRECTION('',(1.,0.,0.));
#1839 = ORIENTED_EDGE('',*,*,#1840,.T.);
#1840 = EDGE_CURVE('',#1832,#888,#1841,.T.);
#1841 = CIRCLE('',#1842,6.225);
#1842 = AXIS2_PLACEMENT_3D('',#1843,#1844,#1845);
#1843 = CARTESIAN_POINT('',(-3.414797129832E-24,6.309992417898E-24,0.));
#1844 = DIRECTION('',(0.,0.,1.));
#1845 = DIRECTION('',(-0.879473751206,-0.475947393037,0.));
#1846 = ORIENTED_EDGE('',*,*,#887,.T.);
#1847 = ORIENTED_EDGE('',*,*,#1848,.F.);
#1848 = EDGE_CURVE('',#1849,#890,#1851,.T.);
#1849 = VERTEX_POINT('',#1850);
#1850 = CARTESIAN_POINT('',(3.467718638017,-5.169676242044,0.));
#1851 = CIRCLE('',#1852,6.225);
#1852 = AXIS2_PLACEMENT_3D('',#1853,#1854,#1855);
#1853 = CARTESIAN_POINT('',(0.,0.,0.));
#1854 = DIRECTION('',(0.,0.,-1.));
#1855 = DIRECTION('',(1.,0.,0.));
#1856 = ORIENTED_EDGE('',*,*,#1857,.T.);
#1857 = EDGE_CURVE('',#1849,#790,#1858,.T.);
#1858 = CIRCLE('',#1859,6.225);
#1859 = AXIS2_PLACEMENT_3D('',#1860,#1861,#1862);
#1860 = CARTESIAN_POINT('',(-5.278625191082E-24,4.85931680835E-24,0.));
#1861 = DIRECTION('',(0.,0.,1.));
#1862 = DIRECTION('',(-0.677281571626,-0.735723910673,0.));
#1863 = ORIENTED_EDGE('',*,*,#789,.T.);
#1864 = ORIENTED_EDGE('',*,*,#1865,.F.);
#1865 = EDGE_CURVE('',#1866,#792,#1868,.T.);
#1866 = VERTEX_POINT('',#1867);
#1867 = CARTESIAN_POINT('',(4.958419208955,-3.76360252262,0.));
#1868 = CIRCLE('',#1869,6.225);
#1869 = AXIS2_PLACEMENT_3D('',#1870,#1871,#1872);
#1870 = CARTESIAN_POINT('',(0.,0.,0.));
#1871 = DIRECTION('',(0.,0.,-1.));
#1872 = DIRECTION('',(1.,0.,0.));
#1873 = ORIENTED_EDGE('',*,*,#1874,.T.);
#1874 = EDGE_CURVE('',#1866,#692,#1875,.T.);
#1875 = CIRCLE('',#1876,6.225);
#1876 = AXIS2_PLACEMENT_3D('',#1877,#1878,#1879);
#1877 = CARTESIAN_POINT('',(-6.570432306569E-24,2.882058822549E-24,0.));
#1878 = DIRECTION('',(0.,0.,1.));
#1879 = DIRECTION('',(-0.401695424653,-0.915773326655,0.));
#1880 = ORIENTED_EDGE('',*,*,#691,.T.);
#1881 = ORIENTED_EDGE('',*,*,#1882,.F.);
#1882 = EDGE_CURVE('',#1883,#694,#1885,.T.);
#1883 = VERTEX_POINT('',#1884);
#1884 = CARTESIAN_POINT('',(5.911798120801,-1.94968407156,0.));
#1885 = CIRCLE('',#1886,6.225);
#1886 = AXIS2_PLACEMENT_3D('',#1887,#1888,#1889);
#1887 = CARTESIAN_POINT('',(0.,0.,0.));
#1888 = DIRECTION('',(0.,0.,-1.));
#1889 = DIRECTION('',(1.,0.,0.));
#1890 = ORIENTED_EDGE('',*,*,#1891,.T.);
#1891 = EDGE_CURVE('',#1883,#611,#1892,.T.);
#1892 = CIRCLE('',#1893,6.225);
#1893 = AXIS2_PLACEMENT_3D('',#1894,#1895,#1896);
#1894 = CARTESIAN_POINT('',(-7.150231130878E-24,5.924850435736E-25,0.));
#1895 = DIRECTION('',(0.,0.,1.));
#1896 = DIRECTION('',(-8.257934547233E-02,-0.996584493007,0.));
#1897 = ORIENTED_EDGE('',*,*,#610,.T.);
#1898 = CYLINDRICAL_SURFACE('',#1899,6.225);
#1899 = AXIS2_PLACEMENT_3D('',#1900,#1901,#1902);
#1900 = CARTESIAN_POINT('',(0.,0.,0.));
#1901 = DIRECTION('',(0.,0.,1.));
#1902 = DIRECTION('',(1.,0.,0.));
#1903 = ADVANCED_FACE('',(#1904),#1916,.T.);
#1904 = FACE_BOUND('',#1905,.F.);
#1905 = EDGE_LOOP('',(#1906,#1907,#1908,#1909));
#1906 = ORIENTED_EDGE('',*,*,#709,.T.);
#1907 = ORIENTED_EDGE('',*,*,#644,.T.);
#1908 = ORIENTED_EDGE('',*,*,#621,.F.);
#1909 = ORIENTED_EDGE('',*,*,#1910,.F.);
#1910 = EDGE_CURVE('',#694,#611,#1911,.T.);
#1911 = CIRCLE('',#1912,0.6);
#1912 = AXIS2_PLACEMENT_3D('',#1913,#1914,#1915);
#1913 = CARTESIAN_POINT('',(5.727107933646,-2.512142455429,0.));
#1914 = DIRECTION('',(0.,0.,1.));
#1915 = DIRECTION('',(-0.401695424653,-0.915773326655,0.));
#1916 = CYLINDRICAL_SURFACE('',#1917,0.6);
#1917 = AXIS2_PLACEMENT_3D('',#1918,#1919,#1920);
#1918 = CARTESIAN_POINT('',(5.727107933646,-2.512142455429,0.));
#1919 = DIRECTION('',(0.,0.,-1.));
#1920 = DIRECTION('',(-0.401695424653,-0.915773326655,0.));
#1921 = ADVANCED_FACE('',(#1922),#1934,.T.);
#1922 = FACE_BOUND('',#1923,.F.);
#1923 = EDGE_LOOP('',(#1924,#1925,#1926,#1927));
#1924 = ORIENTED_EDGE('',*,*,#677,.T.);
#1925 = ORIENTED_EDGE('',*,*,#725,.T.);
#1926 = ORIENTED_EDGE('',*,*,#768,.F.);
#1927 = ORIENTED_EDGE('',*,*,#1928,.F.);
#1928 = EDGE_CURVE('',#662,#758,#1929,.T.);
#1929 = CIRCLE('',#1930,0.6);
#1930 = AXIS2_PLACEMENT_3D('',#1931,#1932,#1933);
#1931 = CARTESIAN_POINT('',(6.062482704337,1.535229122838,0.));
#1932 = DIRECTION('',(-0.,0.,1.));
#1933 = DIRECTION('',(0.245485487141,-0.969400265939,0.));
#1934 = CYLINDRICAL_SURFACE('',#1935,0.6);
#1935 = AXIS2_PLACEMENT_3D('',#1936,#1937,#1938);
#1936 = CARTESIAN_POINT('',(6.062482704337,1.535229122838,0.));
#1937 = DIRECTION('',(-0.,0.,-1.));
#1938 = DIRECTION('',(0.245485487141,-0.969400265939,0.));
#1939 = ADVANCED_FACE('',(#1940),#1952,.T.);
#1940 = FACE_BOUND('',#1941,.F.);
#1941 = EDGE_LOOP('',(#1942,#1943,#1944,#1945));
#1942 = ORIENTED_EDGE('',*,*,#807,.T.);
#1943 = ORIENTED_EDGE('',*,*,#742,.T.);
#1944 = ORIENTED_EDGE('',*,*,#702,.F.);
#1945 = ORIENTED_EDGE('',*,*,#1946,.F.);
#1946 = EDGE_CURVE('',#792,#692,#1947,.T.);
#1947 = CIRCLE('',#1948,0.6);
#1948 = AXIS2_PLACEMENT_3D('',#1949,#1950,#1951);
#1949 = CARTESIAN_POINT('',(4.601106106879,-4.235616554085,0.));
#1950 = DIRECTION('',(0.,0.,1.));
#1951 = DIRECTION('',(-0.677281571626,-0.735723910673,0.));
#1952 = CYLINDRICAL_SURFACE('',#1953,0.6);
#1953 = AXIS2_PLACEMENT_3D('',#1954,#1955,#1956);
#1954 = CARTESIAN_POINT('',(4.601106106879,-4.235616554085,0.));
#1955 = DIRECTION('',(0.,0.,-1.));
#1956 = DIRECTION('',(-0.677281571626,-0.735723910673,0.));
#1957 = ADVANCED_FACE('',(#1958),#1970,.T.);
#1958 = FACE_BOUND('',#1959,.F.);
#1959 = EDGE_LOOP('',(#1960,#1961,#1962,#1963));
#1960 = ORIENTED_EDGE('',*,*,#775,.T.);
#1961 = ORIENTED_EDGE('',*,*,#823,.T.);
#1962 = ORIENTED_EDGE('',*,*,#866,.F.);
#1963 = ORIENTED_EDGE('',*,*,#1964,.F.);
#1964 = EDGE_CURVE('',#760,#856,#1965,.T.);
#1965 = CIRCLE('',#1966,0.6);
#1966 = AXIS2_PLACEMENT_3D('',#1967,#1968,#1969);
#1967 = CARTESIAN_POINT('',(5.235512587981,3.420531090502,0.));
#1968 = DIRECTION('',(-0.,0.,1.));
#1969 = DIRECTION('',(0.546948158122,-0.837166478263,0.));
#1970 = CYLINDRICAL_SURFACE('',#1971,0.6);
#1971 = AXIS2_PLACEMENT_3D('',#1972,#1973,#1974);
#1972 = CARTESIAN_POINT('',(5.235512587981,3.420531090502,0.));
#1973 = DIRECTION('',(-0.,0.,-1.));
#1974 = DIRECTION('',(0.546948158122,-0.837166478263,0.));
#1975 = ADVANCED_FACE('',(#1976),#1988,.T.);
#1976 = FACE_BOUND('',#1977,.F.);
#1977 = EDGE_LOOP('',(#1978,#1979,#1980,#1981));
#1978 = ORIENTED_EDGE('',*,*,#905,.T.);
#1979 = ORIENTED_EDGE('',*,*,#840,.T.);
#1980 = ORIENTED_EDGE('',*,*,#800,.F.);
#1981 = ORIENTED_EDGE('',*,*,#1982,.F.);
#1982 = EDGE_CURVE('',#890,#790,#1983,.T.);
#1983 = CIRCLE('',#1984,0.6);
#1984 = AXIS2_PLACEMENT_3D('',#1985,#1986,#1987);
#1985 = CARTESIAN_POINT('',(2.976503039914,-5.500095876745,0.));
#1986 = DIRECTION('',(0.,0.,1.));
#1987 = DIRECTION('',(-0.879473751206,-0.475947393037,0.));
#1988 = CYLINDRICAL_SURFACE('',#1989,0.6);
#1989 = AXIS2_PLACEMENT_3D('',#1990,#1991,#1992);
#1990 = CARTESIAN_POINT('',(2.976503039914,-5.500095876745,0.));
#1991 = DIRECTION('',(0.,0.,-1.));
#1992 = DIRECTION('',(-0.879473751206,-0.475947393037,0.));
#1993 = ADVANCED_FACE('',(#1994),#2006,.T.);
#1994 = FACE_BOUND('',#1995,.F.);
#1995 = EDGE_LOOP('',(#1996,#1997,#1998,#1999));
#1996 = ORIENTED_EDGE('',*,*,#873,.T.);
#1997 = ORIENTED_EDGE('',*,*,#921,.T.);
#1998 = ORIENTED_EDGE('',*,*,#964,.F.);
#1999 = ORIENTED_EDGE('',*,*,#2000,.F.);
#2000 = EDGE_CURVE('',#858,#954,#2001,.T.);
#2001 = CIRCLE('',#2002,0.6);
#2002 = AXIS2_PLACEMENT_3D('',#2003,#2004,#2005);
#2003 = CARTESIAN_POINT('',(3.841193445369,4.935165439502,0.));
#2004 = DIRECTION('',(-0.,0.,1.));
#2005 = DIRECTION('',(0.789140509396,-0.61421271269,0.));
#2006 = CYLINDRICAL_SURFACE('',#2007,0.6);
#2007 = AXIS2_PLACEMENT_3D('',#2008,#2009,#2010);
#2008 = CARTESIAN_POINT('',(3.841193445369,4.935165439502,0.));
#2009 = DIRECTION('',(-0.,0.,-1.));
#2010 = DIRECTION('',(0.789140509396,-0.61421271269,0.));
#2011 = ADVANCED_FACE('',(#2012),#2024,.T.);
#2012 = FACE_BOUND('',#2013,.F.);
#2013 = EDGE_LOOP('',(#2014,#2015,#2016,#2017));
#2014 = ORIENTED_EDGE('',*,*,#1003,.T.);
#2015 = ORIENTED_EDGE('',*,*,#938,.T.);
#2016 = ORIENTED_EDGE('',*,*,#898,.F.);
#2017 = ORIENTED_EDGE('',*,*,#2018,.F.);
#2018 = EDGE_CURVE('',#988,#888,#2019,.T.);
#2019 = CIRCLE('',#2020,0.6);
#2020 = AXIS2_PLACEMENT_3D('',#2021,#2022,#2023);
#2021 = CARTESIAN_POINT('',(1.029349683371,-6.168554468378,0.));
#2022 = DIRECTION('',(0.,0.,1.));
#2023 = DIRECTION('',(-0.986361303403,-0.164594590281,0.));
#2024 = CYLINDRICAL_SURFACE('',#2025,0.6);
#2025 = AXIS2_PLACEMENT_3D('',#2026,#2027,#2028);
#2026 = CARTESIAN_POINT('',(1.029349683371,-6.168554468378,0.));
#2027 = DIRECTION('',(0.,0.,-1.));
#2028 = DIRECTION('',(-0.986361303403,-0.164594590281,0.));
#2029 = ADVANCED_FACE('',(#2030),#2042,.T.);
#2030 = FACE_BOUND('',#2031,.F.);
#2031 = EDGE_LOOP('',(#2032,#2033,#2034,#2035));
#2032 = ORIENTED_EDGE('',*,*,#971,.T.);
#2033 = ORIENTED_EDGE('',*,*,#1019,.T.);
#2034 = ORIENTED_EDGE('',*,*,#1062,.F.);
#2035 = ORIENTED_EDGE('',*,*,#2036,.F.);
#2036 = EDGE_CURVE('',#956,#1052,#2037,.T.);
#2037 = CIRCLE('',#2038,0.6);
#2038 = AXIS2_PLACEMENT_3D('',#2039,#2040,#2041);
#2039 = CARTESIAN_POINT('',(2.030621390694,5.91499803615,0.));
#2040 = DIRECTION('',(-0.,0.,1.));
#2041 = DIRECTION('',(0.945817241701,-0.324699469205,0.));
#2042 = CYLINDRICAL_SURFACE('',#2043,0.6);
#2043 = AXIS2_PLACEMENT_3D('',#2044,#2045,#2046);
#2044 = CARTESIAN_POINT('',(2.030621390694,5.91499803615,0.));
#2045 = DIRECTION('',(-0.,0.,-1.));
#2046 = DIRECTION('',(0.945817241701,-0.324699469205,0.));
#2047 = ADVANCED_FACE('',(#2048),#2060,.T.);
#2048 = FACE_BOUND('',#2049,.F.);
#2049 = EDGE_LOOP('',(#2050,#2051,#2052,#2053));
#2050 = ORIENTED_EDGE('',*,*,#1101,.T.);
#2051 = ORIENTED_EDGE('',*,*,#1036,.T.);
#2052 = ORIENTED_EDGE('',*,*,#996,.F.);
#2053 = ORIENTED_EDGE('',*,*,#2054,.F.);
#2054 = EDGE_CURVE('',#1086,#986,#2055,.T.);
#2055 = CIRCLE('',#2056,0.6);
#2056 = AXIS2_PLACEMENT_3D('',#2057,#2058,#2059);
#2057 = CARTESIAN_POINT('',(-1.029349683371,-6.168554468378,0.));
#2058 = DIRECTION('',(0.,0.,1.));
#2059 = DIRECTION('',(-0.986361303403,0.164594590281,0.));
#2060 = CYLINDRICAL_SURFACE('',#2061,0.6);
#2061 = AXIS2_PLACEMENT_3D('',#2062,#2063,#2064);
#2062 = CARTESIAN_POINT('',(-1.029349683371,-6.168554468378,0.));
#2063 = DIRECTION('',(0.,0.,-1.));
#2064 = DIRECTION('',(-0.986361303403,0.164594590281,0.));
#2065 = ADVANCED_FACE('',(#2066),#2078,.T.);
#2066 = FACE_BOUND('',#2067,.F.);
#2067 = EDGE_LOOP('',(#2068,#2069,#2070,#2071));
#2068 = ORIENTED_EDGE('',*,*,#1069,.T.);
#2069 = ORIENTED_EDGE('',*,*,#1117,.T.);
#2070 = ORIENTED_EDGE('',*,*,#1160,.F.);
#2071 = ORIENTED_EDGE('',*,*,#2072,.F.);
#2072 = EDGE_CURVE('',#1054,#1150,#2073,.T.);
#2073 = CIRCLE('',#2074,0.6);
#2074 = AXIS2_PLACEMENT_3D('',#2075,#2076,#2077);
#2075 = CARTESIAN_POINT('',(-2.982172768521E-23,6.25384881493,0.));
#2076 = DIRECTION('',(0.,0.,1.));
#2077 = DIRECTION('',(1.,0.,0.));
#2078 = CYLINDRICAL_SURFACE('',#2079,0.6);
#2079 = AXIS2_PLACEMENT_3D('',#2080,#2081,#2082);
#2080 = CARTESIAN_POINT('',(-2.982172768521E-23,6.25384881493,0.));
#2081 = DIRECTION('',(-0.,-0.,-1.));
#2082 = DIRECTION('',(1.,0.,0.));
#2083 = ADVANCED_FACE('',(#2084),#2096,.T.);
#2084 = FACE_BOUND('',#2085,.F.);
#2085 = EDGE_LOOP('',(#2086,#2087,#2088,#2089));
#2086 = ORIENTED_EDGE('',*,*,#1199,.T.);
#2087 = ORIENTED_EDGE('',*,*,#1134,.T.);
#2088 = ORIENTED_EDGE('',*,*,#1094,.F.);
#2089 = ORIENTED_EDGE('',*,*,#2090,.F.);
#2090 = EDGE_CURVE('',#1184,#1084,#2091,.T.);
#2091 = CIRCLE('',#2092,0.6);
#2092 = AXIS2_PLACEMENT_3D('',#2093,#2094,#2095);
#2093 = CARTESIAN_POINT('',(-2.976503039914,-5.500095876745,0.));
#2094 = DIRECTION('',(0.,0.,1.));
#2095 = DIRECTION('',(-0.879473751206,0.475947393037,0.));
#2096 = CYLINDRICAL_SURFACE('',#2097,0.6);
#2097 = AXIS2_PLACEMENT_3D('',#2098,#2099,#2100);
#2098 = CARTESIAN_POINT('',(-2.976503039914,-5.500095876745,0.));
#2099 = DIRECTION('',(0.,0.,-1.));
#2100 = DIRECTION('',(-0.879473751206,0.475947393037,0.));
#2101 = ADVANCED_FACE('',(#2102),#2114,.T.);
#2102 = FACE_BOUND('',#2103,.F.);
#2103 = EDGE_LOOP('',(#2104,#2105,#2106,#2107));
#2104 = ORIENTED_EDGE('',*,*,#1167,.T.);
#2105 = ORIENTED_EDGE('',*,*,#1215,.T.);
#2106 = ORIENTED_EDGE('',*,*,#1258,.F.);
#2107 = ORIENTED_EDGE('',*,*,#2108,.F.);
#2108 = EDGE_CURVE('',#1152,#1248,#2109,.T.);
#2109 = CIRCLE('',#2110,0.6);
#2110 = AXIS2_PLACEMENT_3D('',#2111,#2112,#2113);
#2111 = CARTESIAN_POINT('',(-2.030621390694,5.91499803615,0.));
#2112 = DIRECTION('',(0.,-0.,1.));
#2113 = DIRECTION('',(0.945817241701,0.324699469205,0.));
#2114 = CYLINDRICAL_SURFACE('',#2115,0.6);
#2115 = AXIS2_PLACEMENT_3D('',#2116,#2117,#2118);
#2116 = CARTESIAN_POINT('',(-2.030621390694,5.91499803615,0.));
#2117 = DIRECTION('',(0.,-0.,-1.));
#2118 = DIRECTION('',(0.945817241701,0.324699469205,0.));
#2119 = ADVANCED_FACE('',(#2120),#2132,.T.);
#2120 = FACE_BOUND('',#2121,.F.);
#2121 = EDGE_LOOP('',(#2122,#2123,#2124,#2125));
#2122 = ORIENTED_EDGE('',*,*,#1297,.T.);
#2123 = ORIENTED_EDGE('',*,*,#1232,.T.);
#2124 = ORIENTED_EDGE('',*,*,#1192,.F.);
#2125 = ORIENTED_EDGE('',*,*,#2126,.F.);
#2126 = EDGE_CURVE('',#1282,#1182,#2127,.T.);
#2127 = CIRCLE('',#2128,0.6);
#2128 = AXIS2_PLACEMENT_3D('',#2129,#2130,#2131);
#2129 = CARTESIAN_POINT('',(-4.601106106879,-4.235616554085,0.));
#2130 = DIRECTION('',(0.,0.,1.));
#2131 = DIRECTION('',(-0.677281571626,0.735723910673,0.));
#2132 = CYLINDRICAL_SURFACE('',#2133,0.6);
#2133 = AXIS2_PLACEMENT_3D('',#2134,#2135,#2136);
#2134 = CARTESIAN_POINT('',(-4.601106106879,-4.235616554085,0.));
#2135 = DIRECTION('',(0.,0.,-1.));
#2136 = DIRECTION('',(-0.677281571626,0.735723910673,0.));
#2137 = ADVANCED_FACE('',(#2138),#2150,.T.);
#2138 = FACE_BOUND('',#2139,.F.);
#2139 = EDGE_LOOP('',(#2140,#2141,#2142,#2143));
#2140 = ORIENTED_EDGE('',*,*,#1265,.T.);
#2141 = ORIENTED_EDGE('',*,*,#1313,.T.);
#2142 = ORIENTED_EDGE('',*,*,#1356,.F.);
#2143 = ORIENTED_EDGE('',*,*,#2144,.F.);
#2144 = EDGE_CURVE('',#1250,#1346,#2145,.T.);
#2145 = CIRCLE('',#2146,0.6);
#2146 = AXIS2_PLACEMENT_3D('',#2147,#2148,#2149);
#2147 = CARTESIAN_POINT('',(-3.841193445369,4.935165439502,0.));
#2148 = DIRECTION('',(0.,-0.,1.));
#2149 = DIRECTION('',(0.789140509396,0.61421271269,0.));
#2150 = CYLINDRICAL_SURFACE('',#2151,0.6);
#2151 = AXIS2_PLACEMENT_3D('',#2152,#2153,#2154);
#2152 = CARTESIAN_POINT('',(-3.841193445369,4.935165439502,0.));
#2153 = DIRECTION('',(0.,-0.,-1.));
#2154 = DIRECTION('',(0.789140509396,0.61421271269,0.));
#2155 = ADVANCED_FACE('',(#2156),#2168,.T.);
#2156 = FACE_BOUND('',#2157,.F.);
#2157 = EDGE_LOOP('',(#2158,#2159,#2160,#2161));
#2158 = ORIENTED_EDGE('',*,*,#1395,.T.);
#2159 = ORIENTED_EDGE('',*,*,#1330,.T.);
#2160 = ORIENTED_EDGE('',*,*,#1290,.F.);
#2161 = ORIENTED_EDGE('',*,*,#2162,.F.);
#2162 = EDGE_CURVE('',#1380,#1280,#2163,.T.);
#2163 = CIRCLE('',#2164,0.6);
#2164 = AXIS2_PLACEMENT_3D('',#2165,#2166,#2167);
#2165 = CARTESIAN_POINT('',(-5.727107933646,-2.512142455429,0.));
#2166 = DIRECTION('',(0.,0.,1.));
#2167 = DIRECTION('',(-0.401695424653,0.915773326655,0.));
#2168 = CYLINDRICAL_SURFACE('',#2169,0.6);
#2169 = AXIS2_PLACEMENT_3D('',#2170,#2171,#2172);
#2170 = CARTESIAN_POINT('',(-5.727107933646,-2.512142455429,0.));
#2171 = DIRECTION('',(0.,0.,-1.));
#2172 = DIRECTION('',(-0.401695424653,0.915773326655,0.));
#2173 = ADVANCED_FACE('',(#2174),#2186,.T.);
#2174 = FACE_BOUND('',#2175,.F.);
#2175 = EDGE_LOOP('',(#2176,#2177,#2178,#2179));
#2176 = ORIENTED_EDGE('',*,*,#1363,.T.);
#2177 = ORIENTED_EDGE('',*,*,#1411,.T.);
#2178 = ORIENTED_EDGE('',*,*,#1454,.F.);
#2179 = ORIENTED_EDGE('',*,*,#2180,.F.);
#2180 = EDGE_CURVE('',#1348,#1444,#2181,.T.);
#2181 = CIRCLE('',#2182,0.6);
#2182 = AXIS2_PLACEMENT_3D('',#2183,#2184,#2185);
#2183 = CARTESIAN_POINT('',(-5.235512587981,3.420531090502,0.));
#2184 = DIRECTION('',(0.,-0.,1.));
#2185 = DIRECTION('',(0.546948158122,0.837166478263,0.));
#2186 = CYLINDRICAL_SURFACE('',#2187,0.6);
#2187 = AXIS2_PLACEMENT_3D('',#2188,#2189,#2190);
#2188 = CARTESIAN_POINT('',(-5.235512587981,3.420531090502,0.));
#2189 = DIRECTION('',(0.,-0.,-1.));
#2190 = DIRECTION('',(0.546948158122,0.837166478263,0.));
#2191 = ADVANCED_FACE('',(#2192),#2204,.T.);
#2192 = FACE_BOUND('',#2193,.F.);
#2193 = EDGE_LOOP('',(#2194,#2195,#2196,#2197));
#2194 = ORIENTED_EDGE('',*,*,#1493,.T.);
#2195 = ORIENTED_EDGE('',*,*,#1428,.T.);
#2196 = ORIENTED_EDGE('',*,*,#1388,.F.);
#2197 = ORIENTED_EDGE('',*,*,#2198,.F.);
#2198 = EDGE_CURVE('',#1478,#1378,#2199,.T.);
#2199 = CIRCLE('',#2200,0.6);
#2200 = AXIS2_PLACEMENT_3D('',#2201,#2202,#2203);
#2201 = CARTESIAN_POINT('',(-6.232488750567,-0.51643874182,0.));
#2202 = DIRECTION('',(0.,0.,1.));
#2203 = DIRECTION('',(-8.257934547233E-02,0.996584493007,0.));
#2204 = CYLINDRICAL_SURFACE('',#2205,0.6);
#2205 = AXIS2_PLACEMENT_3D('',#2206,#2207,#2208);
#2206 = CARTESIAN_POINT('',(-6.232488750567,-0.51643874182,0.));
#2207 = DIRECTION('',(0.,0.,-1.));
#2208 = DIRECTION('',(-8.257934547233E-02,0.996584493007,0.));
#2209 = ADVANCED_FACE('',(#2210),#2222,.T.);
#2210 = FACE_BOUND('',#2211,.F.);
#2211 = EDGE_LOOP('',(#2212,#2213,#2214,#2215));
#2212 = ORIENTED_EDGE('',*,*,#1461,.T.);
#2213 = ORIENTED_EDGE('',*,*,#1509,.T.);
#2214 = ORIENTED_EDGE('',*,*,#1486,.F.);
#2215 = ORIENTED_EDGE('',*,*,#2216,.F.);
#2216 = EDGE_CURVE('',#1446,#1476,#2217,.T.);
#2217 = CIRCLE('',#2218,0.6);
#2218 = AXIS2_PLACEMENT_3D('',#2219,#2220,#2221);
#2219 = CARTESIAN_POINT('',(-6.062482704337,1.535229122838,0.));
#2220 = DIRECTION('',(0.,-0.,1.));
#2221 = DIRECTION('',(0.245485487141,0.969400265939,0.));
#2222 = CYLINDRICAL_SURFACE('',#2223,0.6);
#2223 = AXIS2_PLACEMENT_3D('',#2224,#2225,#2226);
#2224 = CARTESIAN_POINT('',(-6.062482704337,1.535229122838,0.));
#2225 = DIRECTION('',(0.,-0.,-1.));
#2226 = DIRECTION('',(0.245485487141,0.969400265939,0.));
#2227 = ADVANCED_FACE('',(#2228),#2234,.F.);
#2228 = FACE_BOUND('',#2229,.F.);
#2229 = EDGE_LOOP('',(#2230,#2231,#2232,#2233));
#2230 = ORIENTED_EDGE('',*,*,#1585,.F.);
#2231 = ORIENTED_EDGE('',*,*,#1576,.T.);
#2232 = ORIENTED_EDGE('',*,*,#1551,.T.);
#2233 = ORIENTED_EDGE('',*,*,#1536,.T.);
#2234 = PLANE('',#2235);
#2235 = AXIS2_PLACEMENT_3D('',#2236,#2237,#2238);
#2236 = CARTESIAN_POINT('',(3.644161776811,-0.536906998827,0.));
#2237 = DIRECTION('',(0.,0.,1.));
#2238 = DIRECTION('',(-8.257934547233E-02,-0.996584493007,0.));
#2239 = ADVANCED_FACE('',(#2240),#2245,.F.);
#2240 = FACE_BOUND('',#2241,.F.);
#2241 = EDGE_LOOP('',(#2242,#2243,#2244));
#2242 = ORIENTED_EDGE('',*,*,#1891,.F.);
#2243 = ORIENTED_EDGE('',*,*,#1882,.T.);
#2244 = ORIENTED_EDGE('',*,*,#1910,.T.);
#2245 = PLANE('',#2246);
#2246 = AXIS2_PLACEMENT_3D('',#2247,#2248,#2249);
#2247 = CARTESIAN_POINT('',(3.272377622522,-1.691073291307,0.));
#2248 = DIRECTION('',(0.,0.,1.));
#2249 = DIRECTION('',(-0.401695424653,-0.915773326655,0.));
#2250 = ADVANCED_FACE('',(#2251),#2256,.F.);
#2251 = FACE_BOUND('',#2252,.F.);
#2252 = EDGE_LOOP('',(#2253,#2254,#2255));
#2253 = ORIENTED_EDGE('',*,*,#1874,.F.);
#2254 = ORIENTED_EDGE('',*,*,#1865,.T.);
#2255 = ORIENTED_EDGE('',*,*,#1946,.T.);
#2256 = PLANE('',#2257);
#2257 = AXIS2_PLACEMENT_3D('',#2258,#2259,#2260);
#2258 = CARTESIAN_POINT('',(2.545980576663,-2.661985552968,0.));
#2259 = DIRECTION('',(0.,0.,1.));
#2260 = DIRECTION('',(-0.677281571626,-0.735723910673,0.));
#2261 = ADVANCED_FACE('',(#2262),#2267,.F.);
#2262 = FACE_BOUND('',#2263,.F.);
#2263 = EDGE_LOOP('',(#2264,#2265,#2266));
#2264 = ORIENTED_EDGE('',*,*,#1857,.F.);
#2265 = ORIENTED_EDGE('',*,*,#1848,.T.);
#2266 = ORIENTED_EDGE('',*,*,#1982,.T.);
#2267 = PLANE('',#2268);
#2268 = AXIS2_PLACEMENT_3D('',#2269,#2270,#2271);
#2269 = CARTESIAN_POINT('',(1.543687030364,-3.344430375003,0.));
#2270 = DIRECTION('',(0.,0.,1.));
#2271 = DIRECTION('',(-0.879473751206,-0.475947393037,0.));
#2272 = ADVANCED_FACE('',(#2273),#2278,.F.);
#2273 = FACE_BOUND('',#2274,.F.);
#2274 = EDGE_LOOP('',(#2275,#2276,#2277));
#2275 = ORIENTED_EDGE('',*,*,#1840,.F.);
#2276 = ORIENTED_EDGE('',*,*,#1831,.T.);
#2277 = ORIENTED_EDGE('',*,*,#2018,.T.);
#2278 = PLANE('',#2279);
#2279 = AXIS2_PLACEMENT_3D('',#2280,#2281,#2282);
#2280 = CARTESIAN_POINT('',(0.374111041552,-3.664454271722,0.));
#2281 = DIRECTION('',(0.,0.,1.));
#2282 = DIRECTION('',(-0.986361303403,-0.164594590281,0.));
#2283 = ADVANCED_FACE('',(#2284),#2289,.F.);
#2284 = FACE_BOUND('',#2285,.F.);
#2285 = EDGE_LOOP('',(#2286,#2287,#2288));
#2286 = ORIENTED_EDGE('',*,*,#1823,.F.);
#2287 = ORIENTED_EDGE('',*,*,#1814,.T.);
#2288 = ORIENTED_EDGE('',*,*,#2054,.T.);
#2289 = PLANE('',#2290);
#2290 = AXIS2_PLACEMENT_3D('',#2291,#2292,#2293);
#2291 = CARTESIAN_POINT('',(-0.836005683542,-3.587377688234,0.));
#2292 = DIRECTION('',(0.,0.,1.));
#2293 = DIRECTION('',(-0.986361303403,0.164594590281,0.));
#2294 = ADVANCED_FACE('',(#2295),#2300,.F.);
#2295 = FACE_BOUND('',#2296,.F.);
#2296 = EDGE_LOOP('',(#2297,#2298,#2299));
#2297 = ORIENTED_EDGE('',*,*,#1806,.F.);
#2298 = ORIENTED_EDGE('',*,*,#1797,.T.);
#2299 = ORIENTED_EDGE('',*,*,#2090,.T.);
#2300 = PLANE('',#2301);
#2301 = AXIS2_PLACEMENT_3D('',#2302,#2303,#2304);
#2302 = CARTESIAN_POINT('',(-1.95552822086,-3.121553068326,0.));
#2303 = DIRECTION('',(0.,0.,1.));
#2304 = DIRECTION('',(-0.879473751206,0.475947393037,0.));
#2305 = ADVANCED_FACE('',(#2306),#2311,.F.);
#2306 = FACE_BOUND('',#2307,.F.);
#2307 = EDGE_LOOP('',(#2308,#2309,#2310));
#2308 = ORIENTED_EDGE('',*,*,#1789,.F.);
#2309 = ORIENTED_EDGE('',*,*,#1780,.T.);
#2310 = ORIENTED_EDGE('',*,*,#2126,.T.);
#2311 = PLANE('',#2312);
#2312 = AXIS2_PLACEMENT_3D('',#2313,#2314,#2315);
#2313 = CARTESIAN_POINT('',(-2.863138932302,-2.317459737578,0.));
#2314 = DIRECTION('',(0.,0.,1.));
#2315 = DIRECTION('',(-0.677281571626,0.735723910673,0.));
#2316 = ADVANCED_FACE('',(#2317),#2322,.F.);
#2317 = FACE_BOUND('',#2318,.F.);
#2318 = EDGE_LOOP('',(#2319,#2320,#2321));
#2319 = ORIENTED_EDGE('',*,*,#1772,.F.);
#2320 = ORIENTED_EDGE('',*,*,#1763,.T.);
#2321 = ORIENTED_EDGE('',*,*,#2162,.T.);
#2322 = PLANE('',#2323);
#2323 = AXIS2_PLACEMENT_3D('',#2324,#2325,#2326);
#2324 = CARTESIAN_POINT('',(-3.46048411425,-1.262233685171,0.));
#2325 = DIRECTION('',(0.,0.,1.));
#2326 = DIRECTION('',(-0.401695424653,0.915773326655,0.));
#2327 = ADVANCED_FACE('',(#2328),#2333,.F.);
#2328 = FACE_BOUND('',#2329,.F.);
#2329 = EDGE_LOOP('',(#2330,#2331,#2332));
#2330 = ORIENTED_EDGE('',*,*,#1755,.F.);
#2331 = ORIENTED_EDGE('',*,*,#1746,.T.);
#2332 = ORIENTED_EDGE('',*,*,#2198,.T.);
#2333 = PLANE('',#2334);
#2334 = AXIS2_PLACEMENT_3D('',#2335,#2336,#2337);
#2335 = CARTESIAN_POINT('',(-3.682832147476,-7.022502740155E-02,0.));
#2336 = DIRECTION('',(0.,0.,1.));
#2337 = DIRECTION('',(-8.257934547233E-02,0.996584493007,0.));
#2338 = ADVANCED_FACE('',(#2339),#2344,.F.);
#2339 = FACE_BOUND('',#2340,.F.);
#2340 = EDGE_LOOP('',(#2341,#2342,#2343));
#2341 = ORIENTED_EDGE('',*,*,#1738,.F.);
#2342 = ORIENTED_EDGE('',*,*,#1729,.T.);
#2343 = ORIENTED_EDGE('',*,*,#2216,.T.);
#2344 = PLANE('',#2345);
#2345 = AXIS2_PLACEMENT_3D('',#2346,#2347,#2348);
#2346 = CARTESIAN_POINT('',(-3.506088172494,1.12939360174,0.));
#2347 = DIRECTION('',(0.,0.,1.));
#2348 = DIRECTION('',(0.245485487141,0.969400265939,0.));
#2349 = ADVANCED_FACE('',(#2350),#2355,.F.);
#2350 = FACE_BOUND('',#2351,.F.);
#2351 = EDGE_LOOP('',(#2352,#2353,#2354));
#2352 = ORIENTED_EDGE('',*,*,#1721,.F.);
#2353 = ORIENTED_EDGE('',*,*,#1712,.T.);
#2354 = ORIENTED_EDGE('',*,*,#2180,.T.);
#2355 = PLANE('',#2356);
#2356 = AXIS2_PLACEMENT_3D('',#2357,#2358,#2359);
#2357 = CARTESIAN_POINT('',(-2.94940514146,2.206624909786,0.));
#2358 = DIRECTION('',(0.,0.,1.));
#2359 = DIRECTION('',(0.546948158122,0.837166478263,0.));
#2360 = ADVANCED_FACE('',(#2361),#2366,.F.);
#2361 = FACE_BOUND('',#2362,.F.);
#2362 = EDGE_LOOP('',(#2363,#2364,#2365));
#2363 = ORIENTED_EDGE('',*,*,#1704,.F.);
#2364 = ORIENTED_EDGE('',*,*,#1695,.T.);
#2365 = ORIENTED_EDGE('',*,*,#2144,.T.);
#2366 = PLANE('',#2367);
#2367 = AXIS2_PLACEMENT_3D('',#2368,#2369,#2370);
#2368 = CARTESIAN_POINT('',(-2.073108298612,3.044734169543,0.));
#2369 = DIRECTION('',(0.,0.,1.));
#2370 = DIRECTION('',(0.789140509396,0.61421271269,0.));
#2371 = ADVANCED_FACE('',(#2372),#2377,.F.);
#2372 = FACE_BOUND('',#2373,.F.);
#2373 = EDGE_LOOP('',(#2374,#2375,#2376));
#2374 = ORIENTED_EDGE('',*,*,#1687,.F.);
#2375 = ORIENTED_EDGE('',*,*,#1678,.T.);
#2376 = ORIENTED_EDGE('',*,*,#2108,.T.);
#2377 = PLANE('',#2378);
#2378 = AXIS2_PLACEMENT_3D('',#2379,#2380,#2381);
#2379 = CARTESIAN_POINT('',(-0.97215800402,3.552899238112,0.));
#2380 = DIRECTION('',(0.,0.,1.));
#2381 = DIRECTION('',(0.945817241701,0.324699469205,0.));
#2382 = ADVANCED_FACE('',(#2383),#2388,.F.);
#2383 = FACE_BOUND('',#2384,.F.);
#2384 = EDGE_LOOP('',(#2385,#2386,#2387));
#2385 = ORIENTED_EDGE('',*,*,#1670,.F.);
#2386 = ORIENTED_EDGE('',*,*,#1661,.T.);
#2387 = ORIENTED_EDGE('',*,*,#2072,.T.);
#2388 = PLANE('',#2389);
#2389 = AXIS2_PLACEMENT_3D('',#2390,#2391,#2392);
#2390 = CARTESIAN_POINT('',(0.234140694894,3.67605254532,0.));
#2391 = DIRECTION('',(0.,0.,1.));
#2392 = DIRECTION('',(1.,0.,0.));
#2393 = ADVANCED_FACE('',(#2394),#2399,.F.);
#2394 = FACE_BOUND('',#2395,.F.);
#2395 = EDGE_LOOP('',(#2396,#2397,#2398));
#2396 = ORIENTED_EDGE('',*,*,#1653,.F.);
#2397 = ORIENTED_EDGE('',*,*,#1644,.T.);
#2398 = ORIENTED_EDGE('',*,*,#2036,.T.);
#2399 = PLANE('',#2400);
#2400 = AXIS2_PLACEMENT_3D('',#2401,#2402,#2403);
#2401 = CARTESIAN_POINT('',(1.415066616448,3.40084851941,0.));
#2402 = DIRECTION('',(0.,0.,1.));
#2403 = DIRECTION('',(0.945817241701,-0.324699469205,0.));
#2404 = ADVANCED_FACE('',(#2405),#2410,.F.);
#2405 = FACE_BOUND('',#2406,.F.);
#2406 = EDGE_LOOP('',(#2407,#2408,#2409));
#2407 = ORIENTED_EDGE('',*,*,#1636,.F.);
#2408 = ORIENTED_EDGE('',*,*,#1627,.T.);
#2409 = ORIENTED_EDGE('',*,*,#2000,.T.);
#2410 = PLANE('',#2411);
#2411 = AXIS2_PLACEMENT_3D('',#2412,#2413,#2414);
#2412 = CARTESIAN_POINT('',(2.442648113089,2.75710978682,0.));
#2413 = DIRECTION('',(0.,0.,1.));
#2414 = DIRECTION('',(0.789140509396,-0.61421271269,0.));
#2415 = ADVANCED_FACE('',(#2416),#2421,.F.);
#2416 = FACE_BOUND('',#2417,.F.);
#2417 = EDGE_LOOP('',(#2418,#2419,#2420));
#2418 = ORIENTED_EDGE('',*,*,#1619,.F.);
#2419 = ORIENTED_EDGE('',*,*,#1610,.T.);
#2420 = ORIENTED_EDGE('',*,*,#1964,.T.);
#2421 = PLANE('',#2422);
#2422 = AXIS2_PLACEMENT_3D('',#2423,#2424,#2425);
#2423 = CARTESIAN_POINT('',(3.205530785087,1.814595427862,0.));
#2424 = DIRECTION('',(0.,0.,1.));
#2425 = DIRECTION('',(0.546948158122,-0.837166478263,0.));
#2426 = ADVANCED_FACE('',(#2427),#2432,.F.);
#2427 = FACE_BOUND('',#2428,.F.);
#2428 = EDGE_LOOP('',(#2429,#2430,#2431));
#2429 = ORIENTED_EDGE('',*,*,#1602,.F.);
#2430 = ORIENTED_EDGE('',*,*,#1593,.T.);
#2431 = ORIENTED_EDGE('',*,*,#1928,.T.);
#2432 = PLANE('',#2433);
#2433 = AXIS2_PLACEMENT_3D('',#2434,#2435,#2436);
#2434 = CARTESIAN_POINT('',(3.621044457585,0.675441497946,0.));
#2435 = DIRECTION('',(0.,0.,1.));
#2436 = DIRECTION('',(0.245485487141,-0.969400265939,0.));
#2437 = ADVANCED_FACE('',(#2438,#2441),#2460,.F.);
#2438 = FACE_BOUND('',#2439,.F.);
#2439 = EDGE_LOOP('',(#2440));
#2440 = ORIENTED_EDGE('',*,*,#1568,.F.);
#2441 = FACE_BOUND('',#2442,.F.);
#2442 = EDGE_LOOP('',(#2443,#2453));
#2443 = ORIENTED_EDGE('',*,*,#2444,.T.);
#2444 = EDGE_CURVE('',#2445,#2447,#2449,.T.);
#2445 = VERTEX_POINT('',#2446);
#2446 = CARTESIAN_POINT('',(-2.401666088364,2.015,-3.));
#2447 = VERTEX_POINT('',#2448);
#2448 = CARTESIAN_POINT('',(2.401666088364,2.015,-3.));
#2449 = LINE('',#2450,#2451);
#2450 = CARTESIAN_POINT('',(-2.401666088364,2.015,-3.));
#2451 = VECTOR('',#2452,1.);
#2452 = DIRECTION('',(1.,0.,0.));
#2453 = ORIENTED_EDGE('',*,*,#2454,.T.);
#2454 = EDGE_CURVE('',#2447,#2445,#2455,.T.);
#2455 = CIRCLE('',#2456,3.135);
#2456 = AXIS2_PLACEMENT_3D('',#2457,#2458,#2459);
#2457 = CARTESIAN_POINT('',(0.,0.,-3.));
#2458 = DIRECTION('',(0.,0.,-1.));
#2459 = DIRECTION('',(1.,0.,0.));
#2460 = PLANE('',#2461);
#2461 = AXIS2_PLACEMENT_3D('',#2462,#2463,#2464);
#2462 = CARTESIAN_POINT('',(-2.196690975967E-16,3.444511322638E-17,-3.)
  );
#2463 = DIRECTION('',(0.,0.,1.));
#2464 = DIRECTION('',(1.,0.,0.));
#2465 = ADVANCED_FACE('',(#2466),#2491,.F.);
#2466 = FACE_BOUND('',#2467,.F.);
#2467 = EDGE_LOOP('',(#2468,#2476,#2484,#2490));
#2468 = ORIENTED_EDGE('',*,*,#2469,.T.);
#2469 = EDGE_CURVE('',#2445,#2470,#2472,.T.);
#2470 = VERTEX_POINT('',#2471);
#2471 = CARTESIAN_POINT('',(-2.401666088364,2.015,6.5));
#2472 = LINE('',#2473,#2474);
#2473 = CARTESIAN_POINT('',(-2.401666088364,2.015,-3.));
#2474 = VECTOR('',#2475,1.);
#2475 = DIRECTION('',(0.,0.,1.));
#2476 = ORIENTED_EDGE('',*,*,#2477,.T.);
#2477 = EDGE_CURVE('',#2470,#2478,#2480,.T.);
#2478 = VERTEX_POINT('',#2479);
#2479 = CARTESIAN_POINT('',(2.401666088364,2.015,6.5));
#2480 = LINE('',#2481,#2482);
#2481 = CARTESIAN_POINT('',(-2.401666088364,2.015,6.5));
#2482 = VECTOR('',#2483,1.);
#2483 = DIRECTION('',(1.,0.,0.));
#2484 = ORIENTED_EDGE('',*,*,#2485,.F.);
#2485 = EDGE_CURVE('',#2447,#2478,#2486,.T.);
#2486 = LINE('',#2487,#2488);
#2487 = CARTESIAN_POINT('',(2.401666088364,2.015,-3.));
#2488 = VECTOR('',#2489,1.);
#2489 = DIRECTION('',(0.,0.,1.));
#2490 = ORIENTED_EDGE('',*,*,#2444,.F.);
#2491 = PLANE('',#2492);
#2492 = AXIS2_PLACEMENT_3D('',#2493,#2494,#2495);
#2493 = CARTESIAN_POINT('',(-2.401666088364,2.015,-3.));
#2494 = DIRECTION('',(0.,1.,0.));
#2495 = DIRECTION('',(1.,0.,0.));
#2496 = ADVANCED_FACE('',(#2497),#2509,.F.);
#2497 = FACE_BOUND('',#2498,.F.);
#2498 = EDGE_LOOP('',(#2499,#2500,#2507,#2508));
#2499 = ORIENTED_EDGE('',*,*,#2485,.T.);
#2500 = ORIENTED_EDGE('',*,*,#2501,.T.);
#2501 = EDGE_CURVE('',#2478,#2470,#2502,.T.);
#2502 = CIRCLE('',#2503,3.135);
#2503 = AXIS2_PLACEMENT_3D('',#2504,#2505,#2506);
#2504 = CARTESIAN_POINT('',(0.,0.,6.5));
#2505 = DIRECTION('',(0.,0.,-1.));
#2506 = DIRECTION('',(1.,0.,0.));
#2507 = ORIENTED_EDGE('',*,*,#2469,.F.);
#2508 = ORIENTED_EDGE('',*,*,#2454,.F.);
#2509 = CYLINDRICAL_SURFACE('',#2510,3.135);
#2510 = AXIS2_PLACEMENT_3D('',#2511,#2512,#2513);
#2511 = CARTESIAN_POINT('',(0.,0.,-3.));
#2512 = DIRECTION('',(0.,0.,-1.));
#2513 = DIRECTION('',(1.,0.,0.));
#2514 = ADVANCED_FACE('',(#2515),#2519,.F.);
#2515 = FACE_BOUND('',#2516,.T.);
#2516 = EDGE_LOOP('',(#2517,#2518));
#2517 = ORIENTED_EDGE('',*,*,#2501,.T.);
#2518 = ORIENTED_EDGE('',*,*,#2477,.T.);
#2519 = PLANE('',#2520);
#2520 = AXIS2_PLACEMENT_3D('',#2521,#2522,#2523);
#2521 = CARTESIAN_POINT('',(0.,-7.196559036104E-02,6.5));
#2522 = DIRECTION('',(0.,0.,1.));
#2523 = DIRECTION('',(1.,0.,0.));
#2524 = ( GEOMETRIC_REPRESENTATION_CONTEXT(3) 
GLOBAL_UNCERTAINTY_ASSIGNED_CONTEXT((#2528)) 
GLOBAL_UNIT_ASSIGNED_CONTEXT((#2525,#2526,#2527)) REPRESENTATION_CONTEXT
('Context #1','3D Context with UNIT and UNCERTAINTY') );
#2525 = ( LENGTH_UNIT() NAMED_UNIT(*) SI_UNIT(.MILLI.,.METRE.) );
#2526 = ( NAMED_UNIT(*) PLANE_ANGLE_UNIT() SI_UNIT($,.RADIAN.) );
#2527 = ( NAMED_UNIT(*) SI_UNIT($,.STERADIAN.) SOLID_ANGLE_UNIT() );
#2528 = UNCERTAINTY_MEASURE_WITH_UNIT(LENGTH_MEASURE(1.E-07),#2525,
  'distance_accuracy_value','confusion accuracy');
#2529 = PRODUCT_RELATED_PRODUCT_CATEGORY('part',$,(#7));
#2530 = MECHANICAL_DESIGN_GEOMETRIC_PRESENTATION_REPRESENTATION('',(
    #2531),#2524);
#2531 = STYLED_ITEM('color',(#2532),#15);
#2532 = PRESENTATION_STYLE_ASSIGNMENT((#2533,#2539));
#2533 = SURFACE_STYLE_USAGE(.BOTH.,#2534);
#2534 = SURFACE_SIDE_STYLE('',(#2535));
#2535 = SURFACE_STYLE_FILL_AREA(#2536);
#2536 = FILL_AREA_STYLE('',(#2537));
#2537 = FILL_AREA_STYLE_COLOUR('',#2538);
#2538 = COLOUR_RGB('',0.800000010877,0.800000010877,0.800000010877);
#2539 = CURVE_STYLE('',#2540,POSITIVE_LENGTH_MEASURE(0.1),#2541);
#2540 = DRAUGHTING_PRE_DEFINED_CURVE_FONT('continuous');
#2541 = COLOUR_RGB('',9.803921802644E-02,9.803921802644E-02,
  9.803921802644E-02);
ENDSEC;
END-ISO-10303-21;
