ISO-10303-21;
HEADER;
FILE_DESCRIPTION(('FreeCAD Model'),'2;1');
FILE_NAME('Open CASCADE Shape Model','2026-04-15T10:34:10',(''),(''),
  'Open CASCADE STEP processor 7.7','FreeCAD','Unknown');
FILE_SCHEMA(('AUTOMOTIVE_DESIGN { 1 0 10303 214 1 1 1 1 }'));
ENDSEC;
DATA;
#1 = APPLICATION_PROTOCOL_DEFINITION('international standard',
  'automotive_design',2000,#2);
#2 = APPLICATION_CONTEXT(
  'core data for automotive mechanical design processes');
#3 = SHAPE_DEFINITION_REPRESENTATION(#4,#10);
#4 = PRODUCT_DEFINITION_SHAPE('','',#5);
#5 = PRODUCT_DEFINITION('design','',#6,#9);
#6 = PRODUCT_DEFINITION_FORMATION('','',#7);
#7 = PRODUCT('TopHull','TopHull','',(#8));
#8 = PRODUCT_CONTEXT('',#2,'mechanical');
#9 = PRODUCT_DEFINITION_CONTEXT('part definition',#2,'design');
#10 = ADVANCED_BREP_SHAPE_REPRESENTATION('',(#11,#15),#3266);
#11 = AXIS2_PLACEMENT_3D('',#12,#13,#14);
#12 = CARTESIAN_POINT('',(0.,0.,0.));
#13 = DIRECTION('',(0.,0.,1.));
#14 = DIRECTION('',(1.,0.,-0.));
#15 = MANIFOLD_SOLID_BREP('',#16);
#16 = CLOSED_SHELL('',(#17,#34,#58,#75,#99,#116,#140,#157,#181,#221,#252
    ,#292,#323,#363,#396,#427,#467,#500,#539,#570,#601,#634,#673,#695,
    #974,#1005,#1030,#1054,#1096,#1136,#1169,#1200,#1231,#1264,#1286,
    #1307,#1338,#1362,#1395,#1420,#1469,#1486,#1498,#1538,#1562,#1595,
    #1626,#1650,#1683,#1714,#1731,#1762,#1795,#1826,#1857,#1881,#1912,
    #1929,#1960,#1993,#2024,#2057,#2088,#2119,#2150,#2174,#2205,#2222,
    #2253,#2286,#2317,#2350,#2372,#2388,#2405,#2422,#2439,#2456,#2468,
    #2499,#2523,#2547,#2564,#2589,#2614,#2632,#2650,#2716,#2747,#2775,
    #2806,#2872,#3046,#3068,#3085,#3102,#3124,#3149,#3166,#3183,#3200,
    #3212,#3237,#3254));
#17 = ADVANCED_FACE('',(#18),#29,.F.);
#18 = FACE_BOUND('',#19,.F.);
#19 = EDGE_LOOP('',(#20));
#20 = ORIENTED_EDGE('',*,*,#21,.T.);
#21 = EDGE_CURVE('',#22,#22,#24,.T.);
#22 = VERTEX_POINT('',#23);
#23 = CARTESIAN_POINT('',(39.5,25.,7.));
#24 = CIRCLE('',#25,1.75);
#25 = AXIS2_PLACEMENT_3D('',#26,#27,#28);
#26 = CARTESIAN_POINT('',(37.75,25.,7.));
#27 = DIRECTION('',(0.,0.,1.));
#28 = DIRECTION('',(1.,0.,-0.));
#29 = PLANE('',#30);
#30 = AXIS2_PLACEMENT_3D('',#31,#32,#33);
#31 = CARTESIAN_POINT('',(2.18E-15,-22.8112516036,7.));
#32 = DIRECTION('',(0.,0.,1.));
#33 = DIRECTION('',(1.,0.,0.));
#34 = ADVANCED_FACE('',(#35),#53,.F.);
#35 = FACE_BOUND('',#36,.T.);
#36 = EDGE_LOOP('',(#37,#38,#45,#52));
#37 = ORIENTED_EDGE('',*,*,#21,.T.);
#38 = ORIENTED_EDGE('',*,*,#39,.T.);
#39 = EDGE_CURVE('',#22,#40,#42,.T.);
#40 = VERTEX_POINT('',#41);
#41 = CARTESIAN_POINT('',(39.5,25.,0.));
#42 = B_SPLINE_CURVE_WITH_KNOTS('',1,(#43,#44),.UNSPECIFIED.,.F.,.F.,(2,
    2),(-7.,0.),.PIECEWISE_BEZIER_KNOTS.);
#43 = CARTESIAN_POINT('',(39.5,25.,7.));
#44 = CARTESIAN_POINT('',(39.5,25.,0.));
#45 = ORIENTED_EDGE('',*,*,#46,.F.);
#46 = EDGE_CURVE('',#40,#40,#47,.T.);
#47 = CIRCLE('',#48,1.75);
#48 = AXIS2_PLACEMENT_3D('',#49,#50,#51);
#49 = CARTESIAN_POINT('',(37.75,25.,0.));
#50 = DIRECTION('',(0.,0.,1.));
#51 = DIRECTION('',(1.,0.,-0.));
#52 = ORIENTED_EDGE('',*,*,#39,.F.);
#53 = CYLINDRICAL_SURFACE('',#54,1.75);
#54 = AXIS2_PLACEMENT_3D('',#55,#56,#57);
#55 = CARTESIAN_POINT('',(37.75,25.,0.));
#56 = DIRECTION('',(-0.,-0.,-1.));
#57 = DIRECTION('',(1.,0.,0.));
#58 = ADVANCED_FACE('',(#59),#70,.F.);
#59 = FACE_BOUND('',#60,.F.);
#60 = EDGE_LOOP('',(#61));
#61 = ORIENTED_EDGE('',*,*,#62,.T.);
#62 = EDGE_CURVE('',#63,#63,#65,.T.);
#63 = VERTEX_POINT('',#64);
#64 = CARTESIAN_POINT('',(39.5,-2.,7.));
#65 = CIRCLE('',#66,1.75);
#66 = AXIS2_PLACEMENT_3D('',#67,#68,#69);
#67 = CARTESIAN_POINT('',(37.75,-2.,7.));
#68 = DIRECTION('',(0.,0.,1.));
#69 = DIRECTION('',(1.,0.,-0.));
#70 = PLANE('',#71);
#71 = AXIS2_PLACEMENT_3D('',#72,#73,#74);
#72 = CARTESIAN_POINT('',(2.18E-15,-22.8112516036,7.));
#73 = DIRECTION('',(0.,0.,1.));
#74 = DIRECTION('',(1.,0.,0.));
#75 = ADVANCED_FACE('',(#76),#94,.F.);
#76 = FACE_BOUND('',#77,.T.);
#77 = EDGE_LOOP('',(#78,#79,#86,#93));
#78 = ORIENTED_EDGE('',*,*,#62,.T.);
#79 = ORIENTED_EDGE('',*,*,#80,.T.);
#80 = EDGE_CURVE('',#63,#81,#83,.T.);
#81 = VERTEX_POINT('',#82);
#82 = CARTESIAN_POINT('',(39.5,-2.,0.));
#83 = B_SPLINE_CURVE_WITH_KNOTS('',1,(#84,#85),.UNSPECIFIED.,.F.,.F.,(2,
    2),(-7.,0.),.PIECEWISE_BEZIER_KNOTS.);
#84 = CARTESIAN_POINT('',(39.5,-2.,7.));
#85 = CARTESIAN_POINT('',(39.5,-2.,0.));
#86 = ORIENTED_EDGE('',*,*,#87,.F.);
#87 = EDGE_CURVE('',#81,#81,#88,.T.);
#88 = CIRCLE('',#89,1.75);
#89 = AXIS2_PLACEMENT_3D('',#90,#91,#92);
#90 = CARTESIAN_POINT('',(37.75,-2.,0.));
#91 = DIRECTION('',(0.,0.,1.));
#92 = DIRECTION('',(1.,0.,-0.));
#93 = ORIENTED_EDGE('',*,*,#80,.F.);
#94 = CYLINDRICAL_SURFACE('',#95,1.75);
#95 = AXIS2_PLACEMENT_3D('',#96,#97,#98);
#96 = CARTESIAN_POINT('',(37.75,-2.,0.));
#97 = DIRECTION('',(-0.,-0.,-1.));
#98 = DIRECTION('',(1.,0.,0.));
#99 = ADVANCED_FACE('',(#100),#111,.F.);
#100 = FACE_BOUND('',#101,.F.);
#101 = EDGE_LOOP('',(#102));
#102 = ORIENTED_EDGE('',*,*,#103,.T.);
#103 = EDGE_CURVE('',#104,#104,#106,.T.);
#104 = VERTEX_POINT('',#105);
#105 = CARTESIAN_POINT('',(-36.,25.,7.));
#106 = CIRCLE('',#107,1.75);
#107 = AXIS2_PLACEMENT_3D('',#108,#109,#110);
#108 = CARTESIAN_POINT('',(-37.75,25.,7.));
#109 = DIRECTION('',(0.,0.,1.));
#110 = DIRECTION('',(1.,0.,-0.));
#111 = PLANE('',#112);
#112 = AXIS2_PLACEMENT_3D('',#113,#114,#115);
#113 = CARTESIAN_POINT('',(2.18E-15,-22.8112516036,7.));
#114 = DIRECTION('',(0.,0.,1.));
#115 = DIRECTION('',(1.,0.,0.));
#116 = ADVANCED_FACE('',(#117),#135,.F.);
#117 = FACE_BOUND('',#118,.T.);
#118 = EDGE_LOOP('',(#119,#120,#127,#134));
#119 = ORIENTED_EDGE('',*,*,#103,.T.);
#120 = ORIENTED_EDGE('',*,*,#121,.T.);
#121 = EDGE_CURVE('',#104,#122,#124,.T.);
#122 = VERTEX_POINT('',#123);
#123 = CARTESIAN_POINT('',(-36.,25.,0.));
#124 = B_SPLINE_CURVE_WITH_KNOTS('',1,(#125,#126),.UNSPECIFIED.,.F.,.F.,
  (2,2),(-7.,0.),.PIECEWISE_BEZIER_KNOTS.);
#125 = CARTESIAN_POINT('',(-36.,25.,7.));
#126 = CARTESIAN_POINT('',(-36.,25.,0.));
#127 = ORIENTED_EDGE('',*,*,#128,.F.);
#128 = EDGE_CURVE('',#122,#122,#129,.T.);
#129 = CIRCLE('',#130,1.75);
#130 = AXIS2_PLACEMENT_3D('',#131,#132,#133);
#131 = CARTESIAN_POINT('',(-37.75,25.,0.));
#132 = DIRECTION('',(0.,0.,1.));
#133 = DIRECTION('',(1.,0.,-0.));
#134 = ORIENTED_EDGE('',*,*,#121,.F.);
#135 = CYLINDRICAL_SURFACE('',#136,1.75);
#136 = AXIS2_PLACEMENT_3D('',#137,#138,#139);
#137 = CARTESIAN_POINT('',(-37.75,25.,0.));
#138 = DIRECTION('',(-0.,-0.,-1.));
#139 = DIRECTION('',(1.,0.,0.));
#140 = ADVANCED_FACE('',(#141),#152,.F.);
#141 = FACE_BOUND('',#142,.F.);
#142 = EDGE_LOOP('',(#143));
#143 = ORIENTED_EDGE('',*,*,#144,.T.);
#144 = EDGE_CURVE('',#145,#145,#147,.T.);
#145 = VERTEX_POINT('',#146);
#146 = CARTESIAN_POINT('',(-36.,-2.,7.));
#147 = CIRCLE('',#148,1.75);
#148 = AXIS2_PLACEMENT_3D('',#149,#150,#151);
#149 = CARTESIAN_POINT('',(-37.75,-2.,7.));
#150 = DIRECTION('',(0.,0.,1.));
#151 = DIRECTION('',(1.,0.,-0.));
#152 = PLANE('',#153);
#153 = AXIS2_PLACEMENT_3D('',#154,#155,#156);
#154 = CARTESIAN_POINT('',(2.18E-15,-22.8112516036,7.));
#155 = DIRECTION('',(0.,0.,1.));
#156 = DIRECTION('',(1.,0.,0.));
#157 = ADVANCED_FACE('',(#158),#176,.F.);
#158 = FACE_BOUND('',#159,.T.);
#159 = EDGE_LOOP('',(#160,#161,#168,#175));
#160 = ORIENTED_EDGE('',*,*,#144,.T.);
#161 = ORIENTED_EDGE('',*,*,#162,.T.);
#162 = EDGE_CURVE('',#145,#163,#165,.T.);
#163 = VERTEX_POINT('',#164);
#164 = CARTESIAN_POINT('',(-36.,-2.,0.));
#165 = B_SPLINE_CURVE_WITH_KNOTS('',1,(#166,#167),.UNSPECIFIED.,.F.,.F.,
  (2,2),(-7.,0.),.PIECEWISE_BEZIER_KNOTS.);
#166 = CARTESIAN_POINT('',(-36.,-2.,7.));
#167 = CARTESIAN_POINT('',(-36.,-2.,0.));
#168 = ORIENTED_EDGE('',*,*,#169,.F.);
#169 = EDGE_CURVE('',#163,#163,#170,.T.);
#170 = CIRCLE('',#171,1.75);
#171 = AXIS2_PLACEMENT_3D('',#172,#173,#174);
#172 = CARTESIAN_POINT('',(-37.75,-2.,0.));
#173 = DIRECTION('',(0.,0.,1.));
#174 = DIRECTION('',(1.,0.,-0.));
#175 = ORIENTED_EDGE('',*,*,#162,.F.);
#176 = CYLINDRICAL_SURFACE('',#177,1.75);
#177 = AXIS2_PLACEMENT_3D('',#178,#179,#180);
#178 = CARTESIAN_POINT('',(-37.75,-2.,0.));
#179 = DIRECTION('',(-0.,-0.,-1.));
#180 = DIRECTION('',(1.,0.,0.));
#181 = ADVANCED_FACE('',(#182),#216,.F.);
#182 = FACE_BOUND('',#183,.F.);
#183 = EDGE_LOOP('',(#184,#194,#202,#210));
#184 = ORIENTED_EDGE('',*,*,#185,.F.);
#185 = EDGE_CURVE('',#186,#188,#190,.T.);
#186 = VERTEX_POINT('',#187);
#187 = CARTESIAN_POINT('',(10.464213562373,-29.1875,2.));
#188 = VERTEX_POINT('',#189);
#189 = CARTESIAN_POINT('',(15.464213562373,-29.1875,2.));
#190 = LINE('',#191,#192);
#191 = CARTESIAN_POINT('',(-19.46421356237,-29.1875,2.));
#192 = VECTOR('',#193,1.);
#193 = DIRECTION('',(1.,0.,0.));
#194 = ORIENTED_EDGE('',*,*,#195,.T.);
#195 = EDGE_CURVE('',#186,#196,#198,.T.);
#196 = VERTEX_POINT('',#197);
#197 = CARTESIAN_POINT('',(10.464213562373,-40.34,2.));
#198 = LINE('',#199,#200);
#199 = CARTESIAN_POINT('',(10.464213562373,-31.04843957276,2.));
#200 = VECTOR('',#201,1.);
#201 = DIRECTION('',(0.,-1.,0.));
#202 = ORIENTED_EDGE('',*,*,#203,.F.);
#203 = EDGE_CURVE('',#204,#196,#206,.T.);
#204 = VERTEX_POINT('',#205);
#205 = CARTESIAN_POINT('',(15.464213562373,-40.34,2.));
#206 = LINE('',#207,#208);
#207 = CARTESIAN_POINT('',(28.165786437585,-40.34,2.));
#208 = VECTOR('',#209,1.);
#209 = DIRECTION('',(-1.,0.,0.));
#210 = ORIENTED_EDGE('',*,*,#211,.F.);
#211 = EDGE_CURVE('',#188,#204,#212,.T.);
#212 = LINE('',#213,#214);
#213 = CARTESIAN_POINT('',(15.464213562373,-31.04843957276,2.));
#214 = VECTOR('',#215,1.);
#215 = DIRECTION('',(0.,-1.,0.));
#216 = PLANE('',#217);
#217 = AXIS2_PLACEMENT_3D('',#218,#219,#220);
#218 = CARTESIAN_POINT('',(1.E-16,-21.75687914552,2.));
#219 = DIRECTION('',(0.,0.,1.));
#220 = DIRECTION('',(1.,0.,0.));
#221 = ADVANCED_FACE('',(#222),#247,.T.);
#222 = FACE_BOUND('',#223,.T.);
#223 = EDGE_LOOP('',(#224,#225,#233,#241));
#224 = ORIENTED_EDGE('',*,*,#195,.T.);
#225 = ORIENTED_EDGE('',*,*,#226,.T.);
#226 = EDGE_CURVE('',#196,#227,#229,.T.);
#227 = VERTEX_POINT('',#228);
#228 = CARTESIAN_POINT('',(10.464213562373,-40.34,7.));
#229 = LINE('',#230,#231);
#230 = CARTESIAN_POINT('',(10.464213562373,-40.34,0.));
#231 = VECTOR('',#232,1.);
#232 = DIRECTION('',(0.,0.,1.));
#233 = ORIENTED_EDGE('',*,*,#234,.T.);
#234 = EDGE_CURVE('',#227,#235,#237,.T.);
#235 = VERTEX_POINT('',#236);
#236 = CARTESIAN_POINT('',(10.464213562373,-29.1875,7.));
#237 = LINE('',#238,#239);
#238 = CARTESIAN_POINT('',(10.464213562373,-40.34,7.));
#239 = VECTOR('',#240,1.);
#240 = DIRECTION('',(0.,1.,0.));
#241 = ORIENTED_EDGE('',*,*,#242,.F.);
#242 = EDGE_CURVE('',#186,#235,#243,.T.);
#243 = LINE('',#244,#245);
#244 = CARTESIAN_POINT('',(10.464213562373,-29.1875,0.));
#245 = VECTOR('',#246,1.);
#246 = DIRECTION('',(0.,0.,1.));
#247 = PLANE('',#248);
#248 = AXIS2_PLACEMENT_3D('',#249,#250,#251);
#249 = CARTESIAN_POINT('',(10.464213562373,-40.34,0.));
#250 = DIRECTION('',(-1.,0.,0.));
#251 = DIRECTION('',(0.,1.,0.));
#252 = ADVANCED_FACE('',(#253),#287,.F.);
#253 = FACE_BOUND('',#254,.F.);
#254 = EDGE_LOOP('',(#255,#265,#273,#281));
#255 = ORIENTED_EDGE('',*,*,#256,.F.);
#256 = EDGE_CURVE('',#257,#259,#261,.T.);
#257 = VERTEX_POINT('',#258);
#258 = CARTESIAN_POINT('',(-15.46421356237,-29.1875,2.));
#259 = VERTEX_POINT('',#260);
#260 = CARTESIAN_POINT('',(-10.46421356237,-29.1875,2.));
#261 = LINE('',#262,#263);
#262 = CARTESIAN_POINT('',(-19.46421356237,-29.1875,2.));
#263 = VECTOR('',#264,1.);
#264 = DIRECTION('',(1.,0.,0.));
#265 = ORIENTED_EDGE('',*,*,#266,.F.);
#266 = EDGE_CURVE('',#267,#257,#269,.T.);
#267 = VERTEX_POINT('',#268);
#268 = CARTESIAN_POINT('',(-15.46421356237,-40.34,2.));
#269 = LINE('',#270,#271);
#270 = CARTESIAN_POINT('',(-15.46421356237,-25.47218957276,2.));
#271 = VECTOR('',#272,1.);
#272 = DIRECTION('',(0.,1.,0.));
#273 = ORIENTED_EDGE('',*,*,#274,.F.);
#274 = EDGE_CURVE('',#275,#267,#277,.T.);
#275 = VERTEX_POINT('',#276);
#276 = CARTESIAN_POINT('',(-10.46421356237,-40.34,2.));
#277 = LINE('',#278,#279);
#278 = CARTESIAN_POINT('',(28.165786437585,-40.34,2.));
#279 = VECTOR('',#280,1.);
#280 = DIRECTION('',(-1.,0.,0.));
#281 = ORIENTED_EDGE('',*,*,#282,.T.);
#282 = EDGE_CURVE('',#275,#259,#283,.T.);
#283 = LINE('',#284,#285);
#284 = CARTESIAN_POINT('',(-10.46421356237,-25.47218957276,2.));
#285 = VECTOR('',#286,1.);
#286 = DIRECTION('',(0.,1.,0.));
#287 = PLANE('',#288);
#288 = AXIS2_PLACEMENT_3D('',#289,#290,#291);
#289 = CARTESIAN_POINT('',(1.E-16,-21.75687914552,2.));
#290 = DIRECTION('',(0.,0.,1.));
#291 = DIRECTION('',(1.,0.,0.));
#292 = ADVANCED_FACE('',(#293),#318,.F.);
#293 = FACE_BOUND('',#294,.F.);
#294 = EDGE_LOOP('',(#295,#296,#304,#312));
#295 = ORIENTED_EDGE('',*,*,#266,.T.);
#296 = ORIENTED_EDGE('',*,*,#297,.T.);
#297 = EDGE_CURVE('',#257,#298,#300,.T.);
#298 = VERTEX_POINT('',#299);
#299 = CARTESIAN_POINT('',(-15.46421356237,-29.1875,7.));
#300 = LINE('',#301,#302);
#301 = CARTESIAN_POINT('',(-15.46421356237,-29.1875,0.));
#302 = VECTOR('',#303,1.);
#303 = DIRECTION('',(0.,0.,1.));
#304 = ORIENTED_EDGE('',*,*,#305,.T.);
#305 = EDGE_CURVE('',#298,#306,#308,.T.);
#306 = VERTEX_POINT('',#307);
#307 = CARTESIAN_POINT('',(-15.46421356237,-40.34,7.));
#308 = LINE('',#309,#310);
#309 = CARTESIAN_POINT('',(-15.46421356237,-29.1875,7.));
#310 = VECTOR('',#311,1.);
#311 = DIRECTION('',(0.,-1.,0.));
#312 = ORIENTED_EDGE('',*,*,#313,.F.);
#313 = EDGE_CURVE('',#267,#306,#314,.T.);
#314 = LINE('',#315,#316);
#315 = CARTESIAN_POINT('',(-15.46421356237,-40.34,0.));
#316 = VECTOR('',#317,1.);
#317 = DIRECTION('',(0.,0.,1.));
#318 = PLANE('',#319);
#319 = AXIS2_PLACEMENT_3D('',#320,#321,#322);
#320 = CARTESIAN_POINT('',(-15.46421356237,-29.1875,0.));
#321 = DIRECTION('',(1.,0.,0.));
#322 = DIRECTION('',(0.,-1.,0.));
#323 = ADVANCED_FACE('',(#324),#358,.T.);
#324 = FACE_BOUND('',#325,.F.);
#325 = EDGE_LOOP('',(#326,#336,#344,#352));
#326 = ORIENTED_EDGE('',*,*,#327,.F.);
#327 = EDGE_CURVE('',#328,#330,#332,.T.);
#328 = VERTEX_POINT('',#329);
#329 = CARTESIAN_POINT('',(28.579999999957,-41.34,0.));
#330 = VERTEX_POINT('',#331);
#331 = CARTESIAN_POINT('',(33.329999999957,-41.34,0.));
#332 = LINE('',#333,#334);
#333 = CARTESIAN_POINT('',(28.579999999957,-41.34,0.));
#334 = VECTOR('',#335,1.);
#335 = DIRECTION('',(1.,-1.24E-15,0.));
#336 = ORIENTED_EDGE('',*,*,#337,.T.);
#337 = EDGE_CURVE('',#328,#338,#340,.T.);
#338 = VERTEX_POINT('',#339);
#339 = CARTESIAN_POINT('',(28.579999999957,-41.34,3.));
#340 = LINE('',#341,#342);
#341 = CARTESIAN_POINT('',(28.579999999957,-41.34,0.));
#342 = VECTOR('',#343,1.);
#343 = DIRECTION('',(0.,0.,1.));
#344 = ORIENTED_EDGE('',*,*,#345,.T.);
#345 = EDGE_CURVE('',#338,#346,#348,.T.);
#346 = VERTEX_POINT('',#347);
#347 = CARTESIAN_POINT('',(33.329999999957,-41.34,3.));
#348 = LINE('',#349,#350);
#349 = CARTESIAN_POINT('',(28.579999999957,-41.34,3.));
#350 = VECTOR('',#351,1.);
#351 = DIRECTION('',(1.,-1.24E-15,0.));
#352 = ORIENTED_EDGE('',*,*,#353,.F.);
#353 = EDGE_CURVE('',#330,#346,#354,.T.);
#354 = LINE('',#355,#356);
#355 = CARTESIAN_POINT('',(33.329999999957,-41.34,0.));
#356 = VECTOR('',#357,1.);
#357 = DIRECTION('',(0.,0.,1.));
#358 = PLANE('',#359);
#359 = AXIS2_PLACEMENT_3D('',#360,#361,#362);
#360 = CARTESIAN_POINT('',(28.579999999957,-41.34,0.));
#361 = DIRECTION('',(-1.24E-15,-1.,-0.));
#362 = DIRECTION('',(-1.,1.24E-15,0.));
#363 = ADVANCED_FACE('',(#364),#391,.T.);
#364 = FACE_BOUND('',#365,.T.);
#365 = EDGE_LOOP('',(#366,#375,#383,#390));
#366 = ORIENTED_EDGE('',*,*,#367,.T.);
#367 = EDGE_CURVE('',#330,#368,#370,.T.);
#368 = VERTEX_POINT('',#369);
#369 = CARTESIAN_POINT('',(34.329999999957,-40.34,0.));
#370 = CIRCLE('',#371,1.);
#371 = AXIS2_PLACEMENT_3D('',#372,#373,#374);
#372 = CARTESIAN_POINT('',(33.329999999957,-40.34,0.));
#373 = DIRECTION('',(-0.,0.,1.));
#374 = DIRECTION('',(0.,-1.,0.));
#375 = ORIENTED_EDGE('',*,*,#376,.T.);
#376 = EDGE_CURVE('',#368,#377,#379,.T.);
#377 = VERTEX_POINT('',#378);
#378 = CARTESIAN_POINT('',(34.329999999957,-40.34,3.));
#379 = LINE('',#380,#381);
#380 = CARTESIAN_POINT('',(34.329999999957,-40.34,0.));
#381 = VECTOR('',#382,1.);
#382 = DIRECTION('',(0.,0.,1.));
#383 = ORIENTED_EDGE('',*,*,#384,.F.);
#384 = EDGE_CURVE('',#346,#377,#385,.T.);
#385 = CIRCLE('',#386,1.);
#386 = AXIS2_PLACEMENT_3D('',#387,#388,#389);
#387 = CARTESIAN_POINT('',(33.329999999957,-40.34,3.));
#388 = DIRECTION('',(-0.,0.,1.));
#389 = DIRECTION('',(0.,-1.,0.));
#390 = ORIENTED_EDGE('',*,*,#353,.F.);
#391 = CYLINDRICAL_SURFACE('',#392,1.);
#392 = AXIS2_PLACEMENT_3D('',#393,#394,#395);
#393 = CARTESIAN_POINT('',(33.329999999957,-40.34,0.));
#394 = DIRECTION('',(0.,0.,1.));
#395 = DIRECTION('',(-1.24E-15,-1.,0.));
#396 = ADVANCED_FACE('',(#397),#422,.T.);
#397 = FACE_BOUND('',#398,.F.);
#398 = EDGE_LOOP('',(#399,#407,#415,#421));
#399 = ORIENTED_EDGE('',*,*,#400,.F.);
#400 = EDGE_CURVE('',#401,#328,#403,.T.);
#401 = VERTEX_POINT('',#402);
#402 = CARTESIAN_POINT('',(29.031055556973,-40.88894444302,0.));
#403 = LINE('',#404,#405);
#404 = CARTESIAN_POINT('',(41.34,-28.58,0.));
#405 = VECTOR('',#406,1.);
#406 = DIRECTION('',(-0.707106781188,-0.707106781185,-0.));
#407 = ORIENTED_EDGE('',*,*,#408,.T.);
#408 = EDGE_CURVE('',#401,#409,#411,.T.);
#409 = VERTEX_POINT('',#410);
#410 = CARTESIAN_POINT('',(29.031055556962,-40.88894444301,3.));
#411 = LINE('',#412,#413);
#412 = CARTESIAN_POINT('',(29.031055556973,-40.88894444302,0.));
#413 = VECTOR('',#414,1.);
#414 = DIRECTION('',(0.,0.,1.));
#415 = ORIENTED_EDGE('',*,*,#416,.T.);
#416 = EDGE_CURVE('',#409,#338,#417,.T.);
#417 = LINE('',#418,#419);
#418 = CARTESIAN_POINT('',(41.34,-28.58,3.));
#419 = VECTOR('',#420,1.);
#420 = DIRECTION('',(-0.707106781188,-0.707106781185,-0.));
#421 = ORIENTED_EDGE('',*,*,#337,.F.);
#422 = PLANE('',#423);
#423 = AXIS2_PLACEMENT_3D('',#424,#425,#426);
#424 = CARTESIAN_POINT('',(41.34,-28.58,0.));
#425 = DIRECTION('',(-0.707106781185,0.707106781188,0.));
#426 = DIRECTION('',(0.707106781188,0.707106781185,0.));
#427 = ADVANCED_FACE('',(#428),#462,.T.);
#428 = FACE_BOUND('',#429,.T.);
#429 = EDGE_LOOP('',(#430,#440,#448,#456));
#430 = ORIENTED_EDGE('',*,*,#431,.F.);
#431 = EDGE_CURVE('',#432,#434,#436,.T.);
#432 = VERTEX_POINT('',#433);
#433 = CARTESIAN_POINT('',(26.665,23.23,0.));
#434 = VERTEX_POINT('',#435);
#435 = CARTESIAN_POINT('',(26.665,23.23,2.));
#436 = LINE('',#437,#438);
#437 = CARTESIAN_POINT('',(26.665,23.23,0.));
#438 = VECTOR('',#439,1.);
#439 = DIRECTION('',(0.,0.,1.));
#440 = ORIENTED_EDGE('',*,*,#441,.F.);
#441 = EDGE_CURVE('',#442,#432,#444,.T.);
#442 = VERTEX_POINT('',#443);
#443 = CARTESIAN_POINT('',(26.665,-20.5725,0.));
#444 = LINE('',#445,#446);
#445 = CARTESIAN_POINT('',(26.665,-20.5725,0.));
#446 = VECTOR('',#447,1.);
#447 = DIRECTION('',(0.,1.,0.));
#448 = ORIENTED_EDGE('',*,*,#449,.T.);
#449 = EDGE_CURVE('',#442,#450,#452,.T.);
#450 = VERTEX_POINT('',#451);
#451 = CARTESIAN_POINT('',(26.665,-20.5725,2.));
#452 = LINE('',#453,#454);
#453 = CARTESIAN_POINT('',(26.665,-20.5725,0.));
#454 = VECTOR('',#455,1.);
#455 = DIRECTION('',(0.,0.,1.));
#456 = ORIENTED_EDGE('',*,*,#457,.T.);
#457 = EDGE_CURVE('',#450,#434,#458,.T.);
#458 = LINE('',#459,#460);
#459 = CARTESIAN_POINT('',(26.665,-20.5725,2.));
#460 = VECTOR('',#461,1.);
#461 = DIRECTION('',(0.,1.,0.));
#462 = PLANE('',#463);
#463 = AXIS2_PLACEMENT_3D('',#464,#465,#466);
#464 = CARTESIAN_POINT('',(26.665,-20.5725,0.));
#465 = DIRECTION('',(-1.,0.,0.));
#466 = DIRECTION('',(0.,1.,0.));
#467 = ADVANCED_FACE('',(#468),#495,.F.);
#468 = FACE_BOUND('',#469,.F.);
#469 = EDGE_LOOP('',(#470,#471,#480,#488));
#470 = ORIENTED_EDGE('',*,*,#431,.F.);
#471 = ORIENTED_EDGE('',*,*,#472,.T.);
#472 = EDGE_CURVE('',#432,#473,#475,.T.);
#473 = VERTEX_POINT('',#474);
#474 = CARTESIAN_POINT('',(24.665,25.23,0.));
#475 = CIRCLE('',#476,2.);
#476 = AXIS2_PLACEMENT_3D('',#477,#478,#479);
#477 = CARTESIAN_POINT('',(24.665,23.23,0.));
#478 = DIRECTION('',(-0.,0.,1.));
#479 = DIRECTION('',(0.,-1.,0.));
#480 = ORIENTED_EDGE('',*,*,#481,.T.);
#481 = EDGE_CURVE('',#473,#482,#484,.T.);
#482 = VERTEX_POINT('',#483);
#483 = CARTESIAN_POINT('',(24.665,25.23,2.));
#484 = LINE('',#485,#486);
#485 = CARTESIAN_POINT('',(24.665,25.23,0.));
#486 = VECTOR('',#487,1.);
#487 = DIRECTION('',(0.,0.,1.));
#488 = ORIENTED_EDGE('',*,*,#489,.F.);
#489 = EDGE_CURVE('',#434,#482,#490,.T.);
#490 = CIRCLE('',#491,2.);
#491 = AXIS2_PLACEMENT_3D('',#492,#493,#494);
#492 = CARTESIAN_POINT('',(24.665,23.23,2.));
#493 = DIRECTION('',(0.,0.,1.));
#494 = DIRECTION('',(1.,0.,0.));
#495 = CYLINDRICAL_SURFACE('',#496,2.);
#496 = AXIS2_PLACEMENT_3D('',#497,#498,#499);
#497 = CARTESIAN_POINT('',(24.665,23.23,0.));
#498 = DIRECTION('',(0.,0.,1.));
#499 = DIRECTION('',(1.,0.,0.));
#500 = ADVANCED_FACE('',(#501),#534,.T.);
#501 = FACE_BOUND('',#502,.T.);
#502 = EDGE_LOOP('',(#503,#504,#512,#520,#528));
#503 = ORIENTED_EDGE('',*,*,#449,.F.);
#504 = ORIENTED_EDGE('',*,*,#505,.F.);
#505 = EDGE_CURVE('',#506,#442,#508,.T.);
#506 = VERTEX_POINT('',#507);
#507 = CARTESIAN_POINT('',(19.05,-28.1875,0.));
#508 = LINE('',#509,#510);
#509 = CARTESIAN_POINT('',(19.05,-28.1875,0.));
#510 = VECTOR('',#511,1.);
#511 = DIRECTION('',(0.707106781187,0.707106781187,0.));
#512 = ORIENTED_EDGE('',*,*,#513,.T.);
#513 = EDGE_CURVE('',#506,#514,#516,.T.);
#514 = VERTEX_POINT('',#515);
#515 = CARTESIAN_POINT('',(19.05,-28.1875,7.5));
#516 = LINE('',#517,#518);
#517 = CARTESIAN_POINT('',(19.05,-28.1875,0.));
#518 = VECTOR('',#519,1.);
#519 = DIRECTION('',(0.,0.,1.));
#520 = ORIENTED_EDGE('',*,*,#521,.T.);
#521 = EDGE_CURVE('',#514,#522,#524,.T.);
#522 = VERTEX_POINT('',#523);
#523 = CARTESIAN_POINT('',(32.165,-15.0725,7.5));
#524 = LINE('',#525,#526);
#525 = CARTESIAN_POINT('',(19.05,-28.1875,7.5));
#526 = VECTOR('',#527,1.);
#527 = DIRECTION('',(0.707106781187,0.707106781187,0.));
#528 = ORIENTED_EDGE('',*,*,#529,.F.);
#529 = EDGE_CURVE('',#450,#522,#530,.T.);
#530 = LINE('',#531,#532);
#531 = CARTESIAN_POINT('',(24.71,-22.5275,4.5E-02));
#532 = VECTOR('',#533,1.);
#533 = DIRECTION('',(0.57735026919,0.57735026919,0.57735026919));
#534 = PLANE('',#535);
#535 = AXIS2_PLACEMENT_3D('',#536,#537,#538);
#536 = CARTESIAN_POINT('',(19.05,-28.1875,0.));
#537 = DIRECTION('',(-0.707106781187,0.707106781187,0.));
#538 = DIRECTION('',(0.707106781187,0.707106781187,0.));
#539 = ADVANCED_FACE('',(#540),#565,.T.);
#540 = FACE_BOUND('',#541,.T.);
#541 = EDGE_LOOP('',(#542,#543,#551,#559));
#542 = ORIENTED_EDGE('',*,*,#481,.T.);
#543 = ORIENTED_EDGE('',*,*,#544,.T.);
#544 = EDGE_CURVE('',#482,#545,#547,.T.);
#545 = VERTEX_POINT('',#546);
#546 = CARTESIAN_POINT('',(-24.665,25.23,2.));
#547 = LINE('',#548,#549);
#548 = CARTESIAN_POINT('',(24.665,25.23,2.));
#549 = VECTOR('',#550,1.);
#550 = DIRECTION('',(-1.,0.,0.));
#551 = ORIENTED_EDGE('',*,*,#552,.F.);
#552 = EDGE_CURVE('',#553,#545,#555,.T.);
#553 = VERTEX_POINT('',#554);
#554 = CARTESIAN_POINT('',(-24.665,25.23,0.));
#555 = LINE('',#556,#557);
#556 = CARTESIAN_POINT('',(-24.665,25.23,0.));
#557 = VECTOR('',#558,1.);
#558 = DIRECTION('',(0.,0.,1.));
#559 = ORIENTED_EDGE('',*,*,#560,.F.);
#560 = EDGE_CURVE('',#473,#553,#561,.T.);
#561 = LINE('',#562,#563);
#562 = CARTESIAN_POINT('',(26.665,25.23,0.));
#563 = VECTOR('',#564,1.);
#564 = DIRECTION('',(-1.,0.,0.));
#565 = PLANE('',#566);
#566 = AXIS2_PLACEMENT_3D('',#567,#568,#569);
#567 = CARTESIAN_POINT('',(26.665,25.23,0.));
#568 = DIRECTION('',(0.,-1.,0.));
#569 = DIRECTION('',(-1.,0.,0.));
#570 = ADVANCED_FACE('',(#571),#596,.T.);
#571 = FACE_BOUND('',#572,.T.);
#572 = EDGE_LOOP('',(#573,#583,#589,#590));
#573 = ORIENTED_EDGE('',*,*,#574,.T.);
#574 = EDGE_CURVE('',#575,#577,#579,.T.);
#575 = VERTEX_POINT('',#576);
#576 = CARTESIAN_POINT('',(-19.05,-28.1875,0.));
#577 = VERTEX_POINT('',#578);
#578 = CARTESIAN_POINT('',(-19.05,-28.1875,7.5));
#579 = LINE('',#580,#581);
#580 = CARTESIAN_POINT('',(-19.05,-28.1875,0.));
#581 = VECTOR('',#582,1.);
#582 = DIRECTION('',(0.,0.,1.));
#583 = ORIENTED_EDGE('',*,*,#584,.T.);
#584 = EDGE_CURVE('',#577,#514,#585,.T.);
#585 = LINE('',#586,#587);
#586 = CARTESIAN_POINT('',(-19.05,-28.1875,7.5));
#587 = VECTOR('',#588,1.);
#588 = DIRECTION('',(1.,0.,0.));
#589 = ORIENTED_EDGE('',*,*,#513,.F.);
#590 = ORIENTED_EDGE('',*,*,#591,.F.);
#591 = EDGE_CURVE('',#575,#506,#592,.T.);
#592 = LINE('',#593,#594);
#593 = CARTESIAN_POINT('',(-19.05,-28.1875,0.));
#594 = VECTOR('',#595,1.);
#595 = DIRECTION('',(1.,0.,0.));
#596 = PLANE('',#597);
#597 = AXIS2_PLACEMENT_3D('',#598,#599,#600);
#598 = CARTESIAN_POINT('',(-19.05,-28.1875,0.));
#599 = DIRECTION('',(0.,1.,0.));
#600 = DIRECTION('',(1.,0.,0.));
#601 = ADVANCED_FACE('',(#602),#629,.F.);
#602 = FACE_BOUND('',#603,.F.);
#603 = EDGE_LOOP('',(#604,#605,#614,#622));
#604 = ORIENTED_EDGE('',*,*,#552,.F.);
#605 = ORIENTED_EDGE('',*,*,#606,.T.);
#606 = EDGE_CURVE('',#553,#607,#609,.T.);
#607 = VERTEX_POINT('',#608);
#608 = CARTESIAN_POINT('',(-26.665,23.23,0.));
#609 = CIRCLE('',#610,2.);
#610 = AXIS2_PLACEMENT_3D('',#611,#612,#613);
#611 = CARTESIAN_POINT('',(-24.665,23.23,0.));
#612 = DIRECTION('',(-0.,0.,1.));
#613 = DIRECTION('',(0.,-1.,0.));
#614 = ORIENTED_EDGE('',*,*,#615,.T.);
#615 = EDGE_CURVE('',#607,#616,#618,.T.);
#616 = VERTEX_POINT('',#617);
#617 = CARTESIAN_POINT('',(-26.665,23.23,2.));
#618 = LINE('',#619,#620);
#619 = CARTESIAN_POINT('',(-26.665,23.23,0.));
#620 = VECTOR('',#621,1.);
#621 = DIRECTION('',(0.,0.,1.));
#622 = ORIENTED_EDGE('',*,*,#623,.F.);
#623 = EDGE_CURVE('',#545,#616,#624,.T.);
#624 = CIRCLE('',#625,2.);
#625 = AXIS2_PLACEMENT_3D('',#626,#627,#628);
#626 = CARTESIAN_POINT('',(-24.665,23.23,2.));
#627 = DIRECTION('',(0.,-0.,1.));
#628 = DIRECTION('',(0.,1.,0.));
#629 = CYLINDRICAL_SURFACE('',#630,2.);
#630 = AXIS2_PLACEMENT_3D('',#631,#632,#633);
#631 = CARTESIAN_POINT('',(-24.665,23.23,0.));
#632 = DIRECTION('',(0.,0.,1.));
#633 = DIRECTION('',(0.,1.,0.));
#634 = ADVANCED_FACE('',(#635),#668,.T.);
#635 = FACE_BOUND('',#636,.T.);
#636 = EDGE_LOOP('',(#637,#647,#655,#661,#662));
#637 = ORIENTED_EDGE('',*,*,#638,.T.);
#638 = EDGE_CURVE('',#639,#641,#643,.T.);
#639 = VERTEX_POINT('',#640);
#640 = CARTESIAN_POINT('',(-26.665,-20.5725,0.));
#641 = VERTEX_POINT('',#642);
#642 = CARTESIAN_POINT('',(-26.665,-20.5725,2.));
#643 = LINE('',#644,#645);
#644 = CARTESIAN_POINT('',(-26.665,-20.5725,0.));
#645 = VECTOR('',#646,1.);
#646 = DIRECTION('',(0.,0.,1.));
#647 = ORIENTED_EDGE('',*,*,#648,.T.);
#648 = EDGE_CURVE('',#641,#649,#651,.T.);
#649 = VERTEX_POINT('',#650);
#650 = CARTESIAN_POINT('',(-32.165,-15.0725,7.5));
#651 = LINE('',#652,#653);
#652 = CARTESIAN_POINT('',(-34.54875,-12.68875,9.88375));
#653 = VECTOR('',#654,1.);
#654 = DIRECTION('',(-0.57735026919,0.57735026919,0.57735026919));
#655 = ORIENTED_EDGE('',*,*,#656,.F.);
#656 = EDGE_CURVE('',#577,#649,#657,.T.);
#657 = LINE('',#658,#659);
#658 = CARTESIAN_POINT('',(-24.29080872549,-22.9466912745,7.5));
#659 = VECTOR('',#660,1.);
#660 = DIRECTION('',(-0.707106781187,0.707106781187,0.));
#661 = ORIENTED_EDGE('',*,*,#574,.F.);
#662 = ORIENTED_EDGE('',*,*,#663,.F.);
#663 = EDGE_CURVE('',#639,#575,#664,.T.);
#664 = LINE('',#665,#666);
#665 = CARTESIAN_POINT('',(-26.665,-20.5725,0.));
#666 = VECTOR('',#667,1.);
#667 = DIRECTION('',(0.707106781187,-0.707106781187,0.));
#668 = PLANE('',#669);
#669 = AXIS2_PLACEMENT_3D('',#670,#671,#672);
#670 = CARTESIAN_POINT('',(-26.665,-20.5725,0.));
#671 = DIRECTION('',(0.707106781187,0.707106781187,0.));
#672 = DIRECTION('',(0.707106781187,-0.707106781187,0.));
#673 = ADVANCED_FACE('',(#674),#690,.T.);
#674 = FACE_BOUND('',#675,.T.);
#675 = EDGE_LOOP('',(#676,#677,#683,#684));
#676 = ORIENTED_EDGE('',*,*,#615,.T.);
#677 = ORIENTED_EDGE('',*,*,#678,.T.);
#678 = EDGE_CURVE('',#616,#641,#679,.T.);
#679 = LINE('',#680,#681);
#680 = CARTESIAN_POINT('',(-26.665,23.23,2.));
#681 = VECTOR('',#682,1.);
#682 = DIRECTION('',(0.,-1.,0.));
#683 = ORIENTED_EDGE('',*,*,#638,.F.);
#684 = ORIENTED_EDGE('',*,*,#685,.F.);
#685 = EDGE_CURVE('',#607,#639,#686,.T.);
#686 = LINE('',#687,#688);
#687 = CARTESIAN_POINT('',(-26.665,25.23,0.));
#688 = VECTOR('',#689,1.);
#689 = DIRECTION('',(0.,-1.,0.));
#690 = PLANE('',#691);
#691 = AXIS2_PLACEMENT_3D('',#692,#693,#694);
#692 = CARTESIAN_POINT('',(-26.665,25.23,0.));
#693 = DIRECTION('',(1.,0.,0.));
#694 = DIRECTION('',(0.,-1.,0.));
#695 = ADVANCED_FACE('',(#696,#741,#913,#947,#958),#969,.T.);
#696 = FACE_BOUND('',#697,.T.);
#697 = EDGE_LOOP('',(#698,#699,#700,#701,#709,#718,#726,#735));
#698 = ORIENTED_EDGE('',*,*,#521,.F.);
#699 = ORIENTED_EDGE('',*,*,#584,.F.);
#700 = ORIENTED_EDGE('',*,*,#656,.T.);
#701 = ORIENTED_EDGE('',*,*,#702,.F.);
#702 = EDGE_CURVE('',#703,#649,#705,.T.);
#703 = VERTEX_POINT('',#704);
#704 = CARTESIAN_POINT('',(-32.165,23.23,7.5));
#705 = LINE('',#706,#707);
#706 = CARTESIAN_POINT('',(-32.165,23.23,7.5));
#707 = VECTOR('',#708,1.);
#708 = DIRECTION('',(0.,-1.,0.));
#709 = ORIENTED_EDGE('',*,*,#710,.F.);
#710 = EDGE_CURVE('',#711,#703,#713,.T.);
#711 = VERTEX_POINT('',#712);
#712 = CARTESIAN_POINT('',(-24.665,30.73,7.5));
#713 = CIRCLE('',#714,7.5);
#714 = AXIS2_PLACEMENT_3D('',#715,#716,#717);
#715 = CARTESIAN_POINT('',(-24.665,23.23,7.5));
#716 = DIRECTION('',(0.,-0.,1.));
#717 = DIRECTION('',(0.,1.,0.));
#718 = ORIENTED_EDGE('',*,*,#719,.F.);
#719 = EDGE_CURVE('',#720,#711,#722,.T.);
#720 = VERTEX_POINT('',#721);
#721 = CARTESIAN_POINT('',(24.665,30.73,7.5));
#722 = LINE('',#723,#724);
#723 = CARTESIAN_POINT('',(24.665,30.73,7.5));
#724 = VECTOR('',#725,1.);
#725 = DIRECTION('',(-1.,0.,0.));
#726 = ORIENTED_EDGE('',*,*,#727,.F.);
#727 = EDGE_CURVE('',#728,#720,#730,.T.);
#728 = VERTEX_POINT('',#729);
#729 = CARTESIAN_POINT('',(32.165,23.23,7.5));
#730 = CIRCLE('',#731,7.5);
#731 = AXIS2_PLACEMENT_3D('',#732,#733,#734);
#732 = CARTESIAN_POINT('',(24.665,23.23,7.5));
#733 = DIRECTION('',(0.,0.,1.));
#734 = DIRECTION('',(1.,0.,0.));
#735 = ORIENTED_EDGE('',*,*,#736,.F.);
#736 = EDGE_CURVE('',#522,#728,#737,.T.);
#737 = LINE('',#738,#739);
#738 = CARTESIAN_POINT('',(32.165,-20.5725,7.5));
#739 = VECTOR('',#740,1.);
#740 = DIRECTION('',(0.,1.,0.));
#741 = FACE_BOUND('',#742,.T.);
#742 = EDGE_LOOP('',(#743,#753,#762,#770,#779,#787,#796,#804,#813,#821,
    #830,#838,#847,#855,#864,#872,#881,#889,#898,#906));
#743 = ORIENTED_EDGE('',*,*,#744,.F.);
#744 = EDGE_CURVE('',#745,#747,#749,.T.);
#745 = VERTEX_POINT('',#746);
#746 = CARTESIAN_POINT('',(-33.385,41.34,7.5));
#747 = VERTEX_POINT('',#748);
#748 = CARTESIAN_POINT('',(33.385,41.34,7.5));
#749 = LINE('',#750,#751);
#750 = CARTESIAN_POINT('',(-34.925,41.34,7.5));
#751 = VECTOR('',#752,1.);
#752 = DIRECTION('',(1.,0.,0.));
#753 = ORIENTED_EDGE('',*,*,#754,.T.);
#754 = EDGE_CURVE('',#745,#755,#757,.T.);
#755 = VERTEX_POINT('',#756);
#756 = CARTESIAN_POINT('',(-34.925,39.8,7.5));
#757 = CIRCLE('',#758,1.54);
#758 = AXIS2_PLACEMENT_3D('',#759,#760,#761);
#759 = CARTESIAN_POINT('',(-33.385,39.8,7.5));
#760 = DIRECTION('',(-0.,0.,1.));
#761 = DIRECTION('',(0.,-1.,0.));
#762 = ORIENTED_EDGE('',*,*,#763,.T.);
#763 = EDGE_CURVE('',#755,#764,#766,.T.);
#764 = VERTEX_POINT('',#765);
#765 = CARTESIAN_POINT('',(-34.925,35.627888886055,7.5));
#766 = LINE('',#767,#768);
#767 = CARTESIAN_POINT('',(-34.925,41.34,7.5));
#768 = VECTOR('',#769,1.);
#769 = DIRECTION('',(0.,-1.,0.));
#770 = ORIENTED_EDGE('',*,*,#771,.F.);
#771 = EDGE_CURVE('',#772,#764,#774,.T.);
#772 = VERTEX_POINT('',#773);
#773 = CARTESIAN_POINT('',(-35.37605555697,34.538944443027,7.5));
#774 = CIRCLE('',#775,1.54);
#775 = AXIS2_PLACEMENT_3D('',#776,#777,#778);
#776 = CARTESIAN_POINT('',(-36.465,35.627888886055,7.5));
#777 = DIRECTION('',(-0.,0.,1.));
#778 = DIRECTION('',(0.,-1.,0.));
#779 = ORIENTED_EDGE('',*,*,#780,.F.);
#780 = EDGE_CURVE('',#781,#772,#783,.T.);
#781 = VERTEX_POINT('',#782);
#782 = CARTESIAN_POINT('',(-40.88894444302,29.026055556973,7.5));
#783 = LINE('',#784,#785);
#784 = CARTESIAN_POINT('',(-41.34,28.575,7.5));
#785 = VECTOR('',#786,1.);
#786 = DIRECTION('',(0.707106781187,0.707106781187,0.));
#787 = ORIENTED_EDGE('',*,*,#788,.F.);
#788 = EDGE_CURVE('',#789,#781,#791,.T.);
#789 = VERTEX_POINT('',#790);
#790 = CARTESIAN_POINT('',(-41.34,27.937111113945,7.5));
#791 = CIRCLE('',#792,1.54);
#792 = AXIS2_PLACEMENT_3D('',#793,#794,#795);
#793 = CARTESIAN_POINT('',(-39.8,27.937111113945,7.5));
#794 = DIRECTION('',(-0.,-0.,-1.));
#795 = DIRECTION('',(0.,-1.,0.));
#796 = ORIENTED_EDGE('',*,*,#797,.F.);
#797 = EDGE_CURVE('',#798,#789,#800,.T.);
#798 = VERTEX_POINT('',#799);
#799 = CARTESIAN_POINT('',(-41.34,-27.94211111394,7.5));
#800 = LINE('',#801,#802);
#801 = CARTESIAN_POINT('',(-41.34,-28.58,7.5));
#802 = VECTOR('',#803,1.);
#803 = DIRECTION('',(0.,1.,0.));
#804 = ORIENTED_EDGE('',*,*,#805,.F.);
#805 = EDGE_CURVE('',#806,#798,#808,.T.);
#806 = VERTEX_POINT('',#807);
#807 = CARTESIAN_POINT('',(-40.88894444302,-29.03105555697,7.5));
#808 = CIRCLE('',#809,1.54);
#809 = AXIS2_PLACEMENT_3D('',#810,#811,#812);
#810 = CARTESIAN_POINT('',(-39.8,-27.94211111394,7.5));
#811 = DIRECTION('',(-0.,-0.,-1.));
#812 = DIRECTION('',(0.,-1.,0.));
#813 = ORIENTED_EDGE('',*,*,#814,.F.);
#814 = EDGE_CURVE('',#815,#806,#817,.T.);
#815 = VERTEX_POINT('',#816);
#816 = CARTESIAN_POINT('',(-29.03105555697,-40.88894444302,7.5));
#817 = LINE('',#818,#819);
#818 = CARTESIAN_POINT('',(-28.58,-41.34,7.5));
#819 = VECTOR('',#820,1.);
#820 = DIRECTION('',(-0.707106781187,0.707106781187,0.));
#821 = ORIENTED_EDGE('',*,*,#822,.F.);
#822 = EDGE_CURVE('',#823,#815,#825,.T.);
#823 = VERTEX_POINT('',#824);
#824 = CARTESIAN_POINT('',(-27.94211111394,-41.34,7.5));
#825 = CIRCLE('',#826,1.54);
#826 = AXIS2_PLACEMENT_3D('',#827,#828,#829);
#827 = CARTESIAN_POINT('',(-27.94211111394,-39.8,7.5));
#828 = DIRECTION('',(-0.,-0.,-1.));
#829 = DIRECTION('',(0.,-1.,0.));
#830 = ORIENTED_EDGE('',*,*,#831,.F.);
#831 = EDGE_CURVE('',#832,#823,#834,.T.);
#832 = VERTEX_POINT('',#833);
#833 = CARTESIAN_POINT('',(27.942111113945,-41.34,7.5));
#834 = LINE('',#835,#836);
#835 = CARTESIAN_POINT('',(28.58,-41.34,7.5));
#836 = VECTOR('',#837,1.);
#837 = DIRECTION('',(-1.,0.,0.));
#838 = ORIENTED_EDGE('',*,*,#839,.F.);
#839 = EDGE_CURVE('',#840,#832,#842,.T.);
#840 = VERTEX_POINT('',#841);
#841 = CARTESIAN_POINT('',(29.031055556973,-40.88894444302,7.5));
#842 = CIRCLE('',#843,1.54);
#843 = AXIS2_PLACEMENT_3D('',#844,#845,#846);
#844 = CARTESIAN_POINT('',(27.942111113945,-39.8,7.5));
#845 = DIRECTION('',(-0.,-0.,-1.));
#846 = DIRECTION('',(0.,-1.,0.));
#847 = ORIENTED_EDGE('',*,*,#848,.F.);
#848 = EDGE_CURVE('',#849,#840,#851,.T.);
#849 = VERTEX_POINT('',#850);
#850 = CARTESIAN_POINT('',(40.888944443027,-29.03105555697,7.5));
#851 = LINE('',#852,#853);
#852 = CARTESIAN_POINT('',(41.34,-28.58,7.5));
#853 = VECTOR('',#854,1.);
#854 = DIRECTION('',(-0.707106781187,-0.707106781187,0.));
#855 = ORIENTED_EDGE('',*,*,#856,.F.);
#856 = EDGE_CURVE('',#857,#849,#859,.T.);
#857 = VERTEX_POINT('',#858);
#858 = CARTESIAN_POINT('',(41.34,-27.94211111394,7.5));
#859 = CIRCLE('',#860,1.54);
#860 = AXIS2_PLACEMENT_3D('',#861,#862,#863);
#861 = CARTESIAN_POINT('',(39.8,-27.94211111394,7.5));
#862 = DIRECTION('',(-0.,-0.,-1.));
#863 = DIRECTION('',(0.,-1.,0.));
#864 = ORIENTED_EDGE('',*,*,#865,.F.);
#865 = EDGE_CURVE('',#866,#857,#868,.T.);
#866 = VERTEX_POINT('',#867);
#867 = CARTESIAN_POINT('',(41.34,27.937111113945,7.5));
#868 = LINE('',#869,#870);
#869 = CARTESIAN_POINT('',(41.34,28.575,7.5));
#870 = VECTOR('',#871,1.);
#871 = DIRECTION('',(0.,-1.,0.));
#872 = ORIENTED_EDGE('',*,*,#873,.F.);
#873 = EDGE_CURVE('',#874,#866,#876,.T.);
#874 = VERTEX_POINT('',#875);
#875 = CARTESIAN_POINT('',(40.888944443027,29.026055556973,7.5));
#876 = CIRCLE('',#877,1.54);
#877 = AXIS2_PLACEMENT_3D('',#878,#879,#880);
#878 = CARTESIAN_POINT('',(39.8,27.937111113945,7.5));
#879 = DIRECTION('',(-0.,-0.,-1.));
#880 = DIRECTION('',(0.,-1.,0.));
#881 = ORIENTED_EDGE('',*,*,#882,.F.);
#882 = EDGE_CURVE('',#883,#874,#885,.T.);
#883 = VERTEX_POINT('',#884);
#884 = CARTESIAN_POINT('',(35.376055556973,34.538944443027,7.5));
#885 = LINE('',#886,#887);
#886 = CARTESIAN_POINT('',(34.925,34.99,7.5));
#887 = VECTOR('',#888,1.);
#888 = DIRECTION('',(0.707106781187,-0.707106781187,0.));
#889 = ORIENTED_EDGE('',*,*,#890,.F.);
#890 = EDGE_CURVE('',#891,#883,#893,.T.);
#891 = VERTEX_POINT('',#892);
#892 = CARTESIAN_POINT('',(34.925,35.627888886055,7.5));
#893 = CIRCLE('',#894,1.54);
#894 = AXIS2_PLACEMENT_3D('',#895,#896,#897);
#895 = CARTESIAN_POINT('',(36.465,35.627888886055,7.5));
#896 = DIRECTION('',(-0.,0.,1.));
#897 = DIRECTION('',(0.,-1.,0.));
#898 = ORIENTED_EDGE('',*,*,#899,.F.);
#899 = EDGE_CURVE('',#900,#891,#902,.T.);
#900 = VERTEX_POINT('',#901);
#901 = CARTESIAN_POINT('',(34.925,39.8,7.5));
#902 = LINE('',#903,#904);
#903 = CARTESIAN_POINT('',(34.925,41.34,7.5));
#904 = VECTOR('',#905,1.);
#905 = DIRECTION('',(0.,-1.,0.));
#906 = ORIENTED_EDGE('',*,*,#907,.F.);
#907 = EDGE_CURVE('',#747,#900,#908,.T.);
#908 = CIRCLE('',#909,1.54);
#909 = AXIS2_PLACEMENT_3D('',#910,#911,#912);
#910 = CARTESIAN_POINT('',(33.385,39.8,7.5));
#911 = DIRECTION('',(-0.,-0.,-1.));
#912 = DIRECTION('',(0.,-1.,0.));
#913 = FACE_BOUND('',#914,.F.);
#914 = EDGE_LOOP('',(#915,#925,#933,#941));
#915 = ORIENTED_EDGE('',*,*,#916,.T.);
#916 = EDGE_CURVE('',#917,#919,#921,.T.);
#917 = VERTEX_POINT('',#918);
#918 = CARTESIAN_POINT('',(-4.5,-31.34,7.5));
#919 = VERTEX_POINT('',#920);
#920 = CARTESIAN_POINT('',(-4.5,-38.34,7.5));
#921 = LINE('',#922,#923);
#922 = CARTESIAN_POINT('',(-4.5,-31.34,7.5));
#923 = VECTOR('',#924,1.);
#924 = DIRECTION('',(0.,-1.,0.));
#925 = ORIENTED_EDGE('',*,*,#926,.T.);
#926 = EDGE_CURVE('',#919,#927,#929,.T.);
#927 = VERTEX_POINT('',#928);
#928 = CARTESIAN_POINT('',(4.5,-38.34,7.5));
#929 = LINE('',#930,#931);
#930 = CARTESIAN_POINT('',(-4.5,-38.34,7.5));
#931 = VECTOR('',#932,1.);
#932 = DIRECTION('',(1.,0.,0.));
#933 = ORIENTED_EDGE('',*,*,#934,.T.);
#934 = EDGE_CURVE('',#927,#935,#937,.T.);
#935 = VERTEX_POINT('',#936);
#936 = CARTESIAN_POINT('',(4.5,-31.34,7.5));
#937 = LINE('',#938,#939);
#938 = CARTESIAN_POINT('',(4.5,-38.34,7.5));
#939 = VECTOR('',#940,1.);
#940 = DIRECTION('',(0.,1.,0.));
#941 = ORIENTED_EDGE('',*,*,#942,.T.);
#942 = EDGE_CURVE('',#935,#917,#943,.T.);
#943 = LINE('',#944,#945);
#944 = CARTESIAN_POINT('',(4.5,-31.34,7.5));
#945 = VECTOR('',#946,1.);
#946 = DIRECTION('',(-1.,0.,0.));
#947 = FACE_BOUND('',#948,.F.);
#948 = EDGE_LOOP('',(#949));
#949 = ORIENTED_EDGE('',*,*,#950,.T.);
#950 = EDGE_CURVE('',#951,#951,#953,.T.);
#951 = VERTEX_POINT('',#952);
#952 = CARTESIAN_POINT('',(32.65875,-29.67,7.5));
#953 = CIRCLE('',#954,3.75);
#954 = AXIS2_PLACEMENT_3D('',#955,#956,#957);
#955 = CARTESIAN_POINT('',(28.90875,-29.67,7.5));
#956 = DIRECTION('',(0.,0.,1.));
#957 = DIRECTION('',(1.,0.,0.));
#958 = FACE_BOUND('',#959,.F.);
#959 = EDGE_LOOP('',(#960));
#960 = ORIENTED_EDGE('',*,*,#961,.T.);
#961 = EDGE_CURVE('',#962,#962,#964,.T.);
#962 = VERTEX_POINT('',#963);
#963 = CARTESIAN_POINT('',(-25.15875,-29.67,7.5));
#964 = CIRCLE('',#965,3.75);
#965 = AXIS2_PLACEMENT_3D('',#966,#967,#968);
#966 = CARTESIAN_POINT('',(-28.90875,-29.67,7.5));
#967 = DIRECTION('',(0.,0.,1.));
#968 = DIRECTION('',(1.,0.,0.));
#969 = PLANE('',#970);
#970 = AXIS2_PLACEMENT_3D('',#971,#972,#973);
#971 = CARTESIAN_POINT('',(-7.E-17,-3.404265098036,7.5));
#972 = DIRECTION('',(0.,0.,1.));
#973 = DIRECTION('',(1.,0.,0.));
#974 = ADVANCED_FACE('',(#975),#1000,.T.);
#975 = FACE_BOUND('',#976,.T.);
#976 = EDGE_LOOP('',(#977,#987,#993,#994));
#977 = ORIENTED_EDGE('',*,*,#978,.F.);
#978 = EDGE_CURVE('',#979,#981,#983,.T.);
#979 = VERTEX_POINT('',#980);
#980 = CARTESIAN_POINT('',(-33.385,41.34,0.));
#981 = VERTEX_POINT('',#982);
#982 = CARTESIAN_POINT('',(33.385,41.34,0.));
#983 = LINE('',#984,#985);
#984 = CARTESIAN_POINT('',(-34.925,41.34,0.));
#985 = VECTOR('',#986,1.);
#986 = DIRECTION('',(1.,0.,0.));
#987 = ORIENTED_EDGE('',*,*,#988,.T.);
#988 = EDGE_CURVE('',#979,#745,#989,.T.);
#989 = LINE('',#990,#991);
#990 = CARTESIAN_POINT('',(-33.385,41.34,0.));
#991 = VECTOR('',#992,1.);
#992 = DIRECTION('',(0.,0.,1.));
#993 = ORIENTED_EDGE('',*,*,#744,.T.);
#994 = ORIENTED_EDGE('',*,*,#995,.F.);
#995 = EDGE_CURVE('',#981,#747,#996,.T.);
#996 = LINE('',#997,#998);
#997 = CARTESIAN_POINT('',(33.385,41.34,0.));
#998 = VECTOR('',#999,1.);
#999 = DIRECTION('',(0.,0.,1.));
#1000 = PLANE('',#1001);
#1001 = AXIS2_PLACEMENT_3D('',#1002,#1003,#1004);
#1002 = CARTESIAN_POINT('',(-34.925,41.34,0.));
#1003 = DIRECTION('',(0.,1.,0.));
#1004 = DIRECTION('',(1.,0.,0.));
#1005 = ADVANCED_FACE('',(#1006),#1025,.T.);
#1006 = FACE_BOUND('',#1007,.F.);
#1007 = EDGE_LOOP('',(#1008,#1017,#1023,#1024));
#1008 = ORIENTED_EDGE('',*,*,#1009,.T.);
#1009 = EDGE_CURVE('',#981,#1010,#1012,.T.);
#1010 = VERTEX_POINT('',#1011);
#1011 = CARTESIAN_POINT('',(34.925,39.8,0.));
#1012 = CIRCLE('',#1013,1.54);
#1013 = AXIS2_PLACEMENT_3D('',#1014,#1015,#1016);
#1014 = CARTESIAN_POINT('',(33.385,39.8,0.));
#1015 = DIRECTION('',(-0.,-0.,-1.));
#1016 = DIRECTION('',(0.,-1.,0.));
#1017 = ORIENTED_EDGE('',*,*,#1018,.T.);
#1018 = EDGE_CURVE('',#1010,#900,#1019,.T.);
#1019 = LINE('',#1020,#1021);
#1020 = CARTESIAN_POINT('',(34.925,39.8,0.));
#1021 = VECTOR('',#1022,1.);
#1022 = DIRECTION('',(0.,0.,1.));
#1023 = ORIENTED_EDGE('',*,*,#907,.F.);
#1024 = ORIENTED_EDGE('',*,*,#995,.F.);
#1025 = CYLINDRICAL_SURFACE('',#1026,1.54);
#1026 = AXIS2_PLACEMENT_3D('',#1027,#1028,#1029);
#1027 = CARTESIAN_POINT('',(33.385,39.8,0.));
#1028 = DIRECTION('',(0.,0.,1.));
#1029 = DIRECTION('',(0.,1.,0.));
#1030 = ADVANCED_FACE('',(#1031),#1049,.T.);
#1031 = FACE_BOUND('',#1032,.T.);
#1032 = EDGE_LOOP('',(#1033,#1041,#1042,#1043));
#1033 = ORIENTED_EDGE('',*,*,#1034,.F.);
#1034 = EDGE_CURVE('',#1010,#1035,#1037,.T.);
#1035 = VERTEX_POINT('',#1036);
#1036 = CARTESIAN_POINT('',(34.925,35.627888886055,0.));
#1037 = LINE('',#1038,#1039);
#1038 = CARTESIAN_POINT('',(34.925,41.34,0.));
#1039 = VECTOR('',#1040,1.);
#1040 = DIRECTION('',(0.,-1.,0.));
#1041 = ORIENTED_EDGE('',*,*,#1018,.T.);
#1042 = ORIENTED_EDGE('',*,*,#899,.T.);
#1043 = ORIENTED_EDGE('',*,*,#1044,.F.);
#1044 = EDGE_CURVE('',#1035,#891,#1045,.T.);
#1045 = LINE('',#1046,#1047);
#1046 = CARTESIAN_POINT('',(34.925,35.627888886055,0.));
#1047 = VECTOR('',#1048,1.);
#1048 = DIRECTION('',(0.,0.,1.));
#1049 = PLANE('',#1050);
#1050 = AXIS2_PLACEMENT_3D('',#1051,#1052,#1053);
#1051 = CARTESIAN_POINT('',(34.925,41.34,0.));
#1052 = DIRECTION('',(1.,0.,0.));
#1053 = DIRECTION('',(0.,-1.,0.));
#1054 = ADVANCED_FACE('',(#1055),#1091,.F.);
#1055 = FACE_BOUND('',#1056,.F.);
#1056 = EDGE_LOOP('',(#1057,#1058,#1067,#1075,#1084,#1090));
#1057 = ORIENTED_EDGE('',*,*,#1044,.F.);
#1058 = ORIENTED_EDGE('',*,*,#1059,.T.);
#1059 = EDGE_CURVE('',#1035,#1060,#1062,.T.);
#1060 = VERTEX_POINT('',#1061);
#1061 = CARTESIAN_POINT('',(35.063323229468,34.99,0.));
#1062 = CIRCLE('',#1063,1.54);
#1063 = AXIS2_PLACEMENT_3D('',#1064,#1065,#1066);
#1064 = CARTESIAN_POINT('',(36.465,35.627888886055,0.));
#1065 = DIRECTION('',(-0.,0.,1.));
#1066 = DIRECTION('',(0.,-1.,0.));
#1067 = ORIENTED_EDGE('',*,*,#1068,.T.);
#1068 = EDGE_CURVE('',#1060,#1069,#1071,.T.);
#1069 = VERTEX_POINT('',#1070);
#1070 = CARTESIAN_POINT('',(35.063323229468,34.99,3.));
#1071 = LINE('',#1072,#1073);
#1072 = CARTESIAN_POINT('',(35.063323229468,34.99,0.));
#1073 = VECTOR('',#1074,1.);
#1074 = DIRECTION('',(0.,0.,1.));
#1075 = ORIENTED_EDGE('',*,*,#1076,.T.);
#1076 = EDGE_CURVE('',#1069,#1077,#1079,.T.);
#1077 = VERTEX_POINT('',#1078);
#1078 = CARTESIAN_POINT('',(35.376055556973,34.538944443027,3.));
#1079 = CIRCLE('',#1080,1.54);
#1080 = AXIS2_PLACEMENT_3D('',#1081,#1082,#1083);
#1081 = CARTESIAN_POINT('',(36.465,35.627888886055,3.));
#1082 = DIRECTION('',(0.,0.,1.));
#1083 = DIRECTION('',(-1.,0.,0.));
#1084 = ORIENTED_EDGE('',*,*,#1085,.T.);
#1085 = EDGE_CURVE('',#1077,#883,#1086,.T.);
#1086 = LINE('',#1087,#1088);
#1087 = CARTESIAN_POINT('',(35.376055556973,34.538944443027,0.));
#1088 = VECTOR('',#1089,1.);
#1089 = DIRECTION('',(0.,0.,1.));
#1090 = ORIENTED_EDGE('',*,*,#890,.F.);
#1091 = CYLINDRICAL_SURFACE('',#1092,1.54);
#1092 = AXIS2_PLACEMENT_3D('',#1093,#1094,#1095);
#1093 = CARTESIAN_POINT('',(36.465,35.627888886055,0.));
#1094 = DIRECTION('',(0.,0.,1.));
#1095 = DIRECTION('',(-1.,0.,0.));
#1096 = ADVANCED_FACE('',(#1097),#1131,.T.);
#1097 = FACE_BOUND('',#1098,.F.);
#1098 = EDGE_LOOP('',(#1099,#1109,#1117,#1125));
#1099 = ORIENTED_EDGE('',*,*,#1100,.F.);
#1100 = EDGE_CURVE('',#1101,#1103,#1105,.T.);
#1101 = VERTEX_POINT('',#1102);
#1102 = CARTESIAN_POINT('',(41.34,28.575,0.));
#1103 = VERTEX_POINT('',#1104);
#1104 = CARTESIAN_POINT('',(41.34,33.360786437627,0.));
#1105 = LINE('',#1106,#1107);
#1106 = CARTESIAN_POINT('',(41.34,28.575,0.));
#1107 = VECTOR('',#1108,1.);
#1108 = DIRECTION('',(-1.37E-15,1.,0.));
#1109 = ORIENTED_EDGE('',*,*,#1110,.T.);
#1110 = EDGE_CURVE('',#1101,#1111,#1113,.T.);
#1111 = VERTEX_POINT('',#1112);
#1112 = CARTESIAN_POINT('',(41.34,28.575,3.));
#1113 = LINE('',#1114,#1115);
#1114 = CARTESIAN_POINT('',(41.34,28.575,0.));
#1115 = VECTOR('',#1116,1.);
#1116 = DIRECTION('',(0.,0.,1.));
#1117 = ORIENTED_EDGE('',*,*,#1118,.T.);
#1118 = EDGE_CURVE('',#1111,#1119,#1121,.T.);
#1119 = VERTEX_POINT('',#1120);
#1120 = CARTESIAN_POINT('',(41.34,33.360786437627,3.));
#1121 = LINE('',#1122,#1123);
#1122 = CARTESIAN_POINT('',(41.34,28.575,3.));
#1123 = VECTOR('',#1124,1.);
#1124 = DIRECTION('',(-1.37E-15,1.,0.));
#1125 = ORIENTED_EDGE('',*,*,#1126,.F.);
#1126 = EDGE_CURVE('',#1103,#1119,#1127,.T.);
#1127 = LINE('',#1128,#1129);
#1128 = CARTESIAN_POINT('',(41.34,33.360786437627,0.));
#1129 = VECTOR('',#1130,1.);
#1130 = DIRECTION('',(0.,0.,1.));
#1131 = PLANE('',#1132);
#1132 = AXIS2_PLACEMENT_3D('',#1133,#1134,#1135);
#1133 = CARTESIAN_POINT('',(41.34,28.575,0.));
#1134 = DIRECTION('',(1.,1.37E-15,0.));
#1135 = DIRECTION('',(1.37E-15,-1.,0.));
#1136 = ADVANCED_FACE('',(#1137),#1164,.T.);
#1137 = FACE_BOUND('',#1138,.T.);
#1138 = EDGE_LOOP('',(#1139,#1148,#1156,#1163));
#1139 = ORIENTED_EDGE('',*,*,#1140,.T.);
#1140 = EDGE_CURVE('',#1103,#1141,#1143,.T.);
#1141 = VERTEX_POINT('',#1142);
#1142 = CARTESIAN_POINT('',(41.047106781187,34.067893218813,0.));
#1143 = CIRCLE('',#1144,1.);
#1144 = AXIS2_PLACEMENT_3D('',#1145,#1146,#1147);
#1145 = CARTESIAN_POINT('',(40.34,33.360786437627,0.));
#1146 = DIRECTION('',(-0.,0.,1.));
#1147 = DIRECTION('',(0.,-1.,0.));
#1148 = ORIENTED_EDGE('',*,*,#1149,.T.);
#1149 = EDGE_CURVE('',#1141,#1150,#1152,.T.);
#1150 = VERTEX_POINT('',#1151);
#1151 = CARTESIAN_POINT('',(41.047106781187,34.067893218813,3.));
#1152 = LINE('',#1153,#1154);
#1153 = CARTESIAN_POINT('',(41.047106781187,34.067893218813,0.));
#1154 = VECTOR('',#1155,1.);
#1155 = DIRECTION('',(0.,0.,1.));
#1156 = ORIENTED_EDGE('',*,*,#1157,.F.);
#1157 = EDGE_CURVE('',#1119,#1150,#1158,.T.);
#1158 = CIRCLE('',#1159,1.);
#1159 = AXIS2_PLACEMENT_3D('',#1160,#1161,#1162);
#1160 = CARTESIAN_POINT('',(40.34,33.360786437627,3.));
#1161 = DIRECTION('',(-0.,0.,1.));
#1162 = DIRECTION('',(0.,-1.,0.));
#1163 = ORIENTED_EDGE('',*,*,#1126,.F.);
#1164 = CYLINDRICAL_SURFACE('',#1165,1.);
#1165 = AXIS2_PLACEMENT_3D('',#1166,#1167,#1168);
#1166 = CARTESIAN_POINT('',(40.34,33.360786437627,0.));
#1167 = DIRECTION('',(0.,0.,1.));
#1168 = DIRECTION('',(1.,1.37E-15,0.));
#1169 = ADVANCED_FACE('',(#1170),#1195,.T.);
#1170 = FACE_BOUND('',#1171,.F.);
#1171 = EDGE_LOOP('',(#1172,#1180,#1188,#1194));
#1172 = ORIENTED_EDGE('',*,*,#1173,.F.);
#1173 = EDGE_CURVE('',#1174,#1101,#1176,.T.);
#1174 = VERTEX_POINT('',#1175);
#1175 = CARTESIAN_POINT('',(40.888944443027,29.026055556973,0.));
#1176 = LINE('',#1177,#1178);
#1177 = CARTESIAN_POINT('',(34.925,34.99,0.));
#1178 = VECTOR('',#1179,1.);
#1179 = DIRECTION('',(0.707106781187,-0.707106781187,0.));
#1180 = ORIENTED_EDGE('',*,*,#1181,.T.);
#1181 = EDGE_CURVE('',#1174,#1182,#1184,.T.);
#1182 = VERTEX_POINT('',#1183);
#1183 = CARTESIAN_POINT('',(40.888944443027,29.026055556973,3.));
#1184 = LINE('',#1185,#1186);
#1185 = CARTESIAN_POINT('',(40.888944443027,29.026055556973,0.));
#1186 = VECTOR('',#1187,1.);
#1187 = DIRECTION('',(0.,0.,1.));
#1188 = ORIENTED_EDGE('',*,*,#1189,.T.);
#1189 = EDGE_CURVE('',#1182,#1111,#1190,.T.);
#1190 = LINE('',#1191,#1192);
#1191 = CARTESIAN_POINT('',(34.925,34.99,3.));
#1192 = VECTOR('',#1193,1.);
#1193 = DIRECTION('',(0.707106781187,-0.707106781187,0.));
#1194 = ORIENTED_EDGE('',*,*,#1110,.F.);
#1195 = PLANE('',#1196);
#1196 = AXIS2_PLACEMENT_3D('',#1197,#1198,#1199);
#1197 = CARTESIAN_POINT('',(34.925,34.99,0.));
#1198 = DIRECTION('',(-0.707106781187,-0.707106781187,-0.));
#1199 = DIRECTION('',(-0.707106781187,0.707106781187,0.));
#1200 = ADVANCED_FACE('',(#1201),#1226,.T.);
#1201 = FACE_BOUND('',#1202,.F.);
#1202 = EDGE_LOOP('',(#1203,#1211,#1212,#1220));
#1203 = ORIENTED_EDGE('',*,*,#1204,.F.);
#1204 = EDGE_CURVE('',#1141,#1205,#1207,.T.);
#1205 = VERTEX_POINT('',#1206);
#1206 = CARTESIAN_POINT('',(40.417893218813,34.697106781187,0.));
#1207 = LINE('',#1208,#1209);
#1208 = CARTESIAN_POINT('',(41.34,33.775,0.));
#1209 = VECTOR('',#1210,1.);
#1210 = DIRECTION('',(-0.707106781187,0.707106781187,0.));
#1211 = ORIENTED_EDGE('',*,*,#1149,.T.);
#1212 = ORIENTED_EDGE('',*,*,#1213,.T.);
#1213 = EDGE_CURVE('',#1150,#1214,#1216,.T.);
#1214 = VERTEX_POINT('',#1215);
#1215 = CARTESIAN_POINT('',(40.417893218813,34.697106781187,3.));
#1216 = LINE('',#1217,#1218);
#1217 = CARTESIAN_POINT('',(41.34,33.775,3.));
#1218 = VECTOR('',#1219,1.);
#1219 = DIRECTION('',(-0.707106781187,0.707106781187,0.));
#1220 = ORIENTED_EDGE('',*,*,#1221,.F.);
#1221 = EDGE_CURVE('',#1205,#1214,#1222,.T.);
#1222 = LINE('',#1223,#1224);
#1223 = CARTESIAN_POINT('',(40.417893218813,34.697106781187,0.));
#1224 = VECTOR('',#1225,1.);
#1225 = DIRECTION('',(0.,0.,1.));
#1226 = PLANE('',#1227);
#1227 = AXIS2_PLACEMENT_3D('',#1228,#1229,#1230);
#1228 = CARTESIAN_POINT('',(41.34,33.775,0.));
#1229 = DIRECTION('',(0.707106781187,0.707106781187,0.));
#1230 = DIRECTION('',(0.707106781187,-0.707106781187,0.));
#1231 = ADVANCED_FACE('',(#1232),#1259,.T.);
#1232 = FACE_BOUND('',#1233,.F.);
#1233 = EDGE_LOOP('',(#1234,#1243,#1244,#1253));
#1234 = ORIENTED_EDGE('',*,*,#1235,.T.);
#1235 = EDGE_CURVE('',#1236,#1205,#1238,.T.);
#1236 = VERTEX_POINT('',#1237);
#1237 = CARTESIAN_POINT('',(39.710786437627,34.99,0.));
#1238 = CIRCLE('',#1239,1.);
#1239 = AXIS2_PLACEMENT_3D('',#1240,#1241,#1242);
#1240 = CARTESIAN_POINT('',(39.710786437627,33.99,0.));
#1241 = DIRECTION('',(-0.,-0.,-1.));
#1242 = DIRECTION('',(0.,-1.,0.));
#1243 = ORIENTED_EDGE('',*,*,#1221,.T.);
#1244 = ORIENTED_EDGE('',*,*,#1245,.F.);
#1245 = EDGE_CURVE('',#1246,#1214,#1248,.T.);
#1246 = VERTEX_POINT('',#1247);
#1247 = CARTESIAN_POINT('',(39.710786437627,34.99,3.));
#1248 = CIRCLE('',#1249,1.);
#1249 = AXIS2_PLACEMENT_3D('',#1250,#1251,#1252);
#1250 = CARTESIAN_POINT('',(39.710786437627,33.99,3.));
#1251 = DIRECTION('',(-0.,-0.,-1.));
#1252 = DIRECTION('',(0.,-1.,0.));
#1253 = ORIENTED_EDGE('',*,*,#1254,.F.);
#1254 = EDGE_CURVE('',#1236,#1246,#1255,.T.);
#1255 = LINE('',#1256,#1257);
#1256 = CARTESIAN_POINT('',(39.710786437627,34.99,0.));
#1257 = VECTOR('',#1258,1.);
#1258 = DIRECTION('',(0.,0.,1.));
#1259 = CYLINDRICAL_SURFACE('',#1260,1.);
#1260 = AXIS2_PLACEMENT_3D('',#1261,#1262,#1263);
#1261 = CARTESIAN_POINT('',(39.710786437627,33.99,0.));
#1262 = DIRECTION('',(0.,0.,1.));
#1263 = DIRECTION('',(0.,1.,0.));
#1264 = ADVANCED_FACE('',(#1265),#1281,.T.);
#1265 = FACE_BOUND('',#1266,.F.);
#1266 = EDGE_LOOP('',(#1267,#1273,#1274,#1280));
#1267 = ORIENTED_EDGE('',*,*,#1268,.F.);
#1268 = EDGE_CURVE('',#1236,#1060,#1269,.T.);
#1269 = LINE('',#1270,#1271);
#1270 = CARTESIAN_POINT('',(40.125,34.99,0.));
#1271 = VECTOR('',#1272,1.);
#1272 = DIRECTION('',(-1.,-0.,-0.));
#1273 = ORIENTED_EDGE('',*,*,#1254,.T.);
#1274 = ORIENTED_EDGE('',*,*,#1275,.T.);
#1275 = EDGE_CURVE('',#1246,#1069,#1276,.T.);
#1276 = LINE('',#1277,#1278);
#1277 = CARTESIAN_POINT('',(40.125,34.99,3.));
#1278 = VECTOR('',#1279,1.);
#1279 = DIRECTION('',(-1.,-0.,-0.));
#1280 = ORIENTED_EDGE('',*,*,#1068,.F.);
#1281 = PLANE('',#1282);
#1282 = AXIS2_PLACEMENT_3D('',#1283,#1284,#1285);
#1283 = CARTESIAN_POINT('',(40.125,34.99,0.));
#1284 = DIRECTION('',(0.,1.,0.));
#1285 = DIRECTION('',(1.,0.,0.));
#1286 = ADVANCED_FACE('',(#1287),#1302,.T.);
#1287 = FACE_BOUND('',#1288,.F.);
#1288 = EDGE_LOOP('',(#1289,#1290,#1291,#1297,#1298,#1299,#1300,#1301));
#1289 = ORIENTED_EDGE('',*,*,#1118,.F.);
#1290 = ORIENTED_EDGE('',*,*,#1189,.F.);
#1291 = ORIENTED_EDGE('',*,*,#1292,.F.);
#1292 = EDGE_CURVE('',#1077,#1182,#1293,.T.);
#1293 = LINE('',#1294,#1295);
#1294 = CARTESIAN_POINT('',(34.925,34.99,3.));
#1295 = VECTOR('',#1296,1.);
#1296 = DIRECTION('',(0.707106781187,-0.707106781187,0.));
#1297 = ORIENTED_EDGE('',*,*,#1076,.F.);
#1298 = ORIENTED_EDGE('',*,*,#1275,.F.);
#1299 = ORIENTED_EDGE('',*,*,#1245,.T.);
#1300 = ORIENTED_EDGE('',*,*,#1213,.F.);
#1301 = ORIENTED_EDGE('',*,*,#1157,.F.);
#1302 = PLANE('',#1303);
#1303 = AXIS2_PLACEMENT_3D('',#1304,#1305,#1306);
#1304 = CARTESIAN_POINT('',(36.881000977686,-12.69358642865,3.));
#1305 = DIRECTION('',(0.,0.,1.));
#1306 = DIRECTION('',(1.,0.,0.));
#1307 = ADVANCED_FACE('',(#1308),#1333,.T.);
#1308 = FACE_BOUND('',#1309,.F.);
#1309 = EDGE_LOOP('',(#1310,#1319,#1325,#1326,#1332));
#1310 = ORIENTED_EDGE('',*,*,#1311,.T.);
#1311 = EDGE_CURVE('',#1174,#1312,#1314,.T.);
#1312 = VERTEX_POINT('',#1313);
#1313 = CARTESIAN_POINT('',(41.34,27.937111113945,0.));
#1314 = CIRCLE('',#1315,1.54);
#1315 = AXIS2_PLACEMENT_3D('',#1316,#1317,#1318);
#1316 = CARTESIAN_POINT('',(39.8,27.937111113945,0.));
#1317 = DIRECTION('',(-0.,-0.,-1.));
#1318 = DIRECTION('',(0.,-1.,0.));
#1319 = ORIENTED_EDGE('',*,*,#1320,.T.);
#1320 = EDGE_CURVE('',#1312,#866,#1321,.T.);
#1321 = LINE('',#1322,#1323);
#1322 = CARTESIAN_POINT('',(41.34,27.937111113945,0.));
#1323 = VECTOR('',#1324,1.);
#1324 = DIRECTION('',(0.,0.,1.));
#1325 = ORIENTED_EDGE('',*,*,#873,.F.);
#1326 = ORIENTED_EDGE('',*,*,#1327,.F.);
#1327 = EDGE_CURVE('',#1182,#874,#1328,.T.);
#1328 = LINE('',#1329,#1330);
#1329 = CARTESIAN_POINT('',(40.888944443027,29.026055556973,0.));
#1330 = VECTOR('',#1331,1.);
#1331 = DIRECTION('',(0.,0.,1.));
#1332 = ORIENTED_EDGE('',*,*,#1181,.F.);
#1333 = CYLINDRICAL_SURFACE('',#1334,1.54);
#1334 = AXIS2_PLACEMENT_3D('',#1335,#1336,#1337);
#1335 = CARTESIAN_POINT('',(39.8,27.937111113945,0.));
#1336 = DIRECTION('',(0.,0.,1.));
#1337 = DIRECTION('',(0.707106781187,0.707106781187,0.));
#1338 = ADVANCED_FACE('',(#1339),#1357,.T.);
#1339 = FACE_BOUND('',#1340,.T.);
#1340 = EDGE_LOOP('',(#1341,#1349,#1350,#1351));
#1341 = ORIENTED_EDGE('',*,*,#1342,.F.);
#1342 = EDGE_CURVE('',#1312,#1343,#1345,.T.);
#1343 = VERTEX_POINT('',#1344);
#1344 = CARTESIAN_POINT('',(41.34,-27.94211111394,0.));
#1345 = LINE('',#1346,#1347);
#1346 = CARTESIAN_POINT('',(41.34,28.575,0.));
#1347 = VECTOR('',#1348,1.);
#1348 = DIRECTION('',(0.,-1.,0.));
#1349 = ORIENTED_EDGE('',*,*,#1320,.T.);
#1350 = ORIENTED_EDGE('',*,*,#865,.T.);
#1351 = ORIENTED_EDGE('',*,*,#1352,.F.);
#1352 = EDGE_CURVE('',#1343,#857,#1353,.T.);
#1353 = LINE('',#1354,#1355);
#1354 = CARTESIAN_POINT('',(41.34,-27.94211111394,0.));
#1355 = VECTOR('',#1356,1.);
#1356 = DIRECTION('',(0.,0.,1.));
#1357 = PLANE('',#1358);
#1358 = AXIS2_PLACEMENT_3D('',#1359,#1360,#1361);
#1359 = CARTESIAN_POINT('',(41.34,28.575,0.));
#1360 = DIRECTION('',(1.,0.,0.));
#1361 = DIRECTION('',(0.,-1.,0.));
#1362 = ADVANCED_FACE('',(#1363),#1390,.T.);
#1363 = FACE_BOUND('',#1364,.F.);
#1364 = EDGE_LOOP('',(#1365,#1374,#1382,#1388,#1389));
#1365 = ORIENTED_EDGE('',*,*,#1366,.T.);
#1366 = EDGE_CURVE('',#1343,#1367,#1369,.T.);
#1367 = VERTEX_POINT('',#1368);
#1368 = CARTESIAN_POINT('',(40.888944443027,-29.03105555697,0.));
#1369 = CIRCLE('',#1370,1.54);
#1370 = AXIS2_PLACEMENT_3D('',#1371,#1372,#1373);
#1371 = CARTESIAN_POINT('',(39.8,-27.94211111394,0.));
#1372 = DIRECTION('',(-0.,-0.,-1.));
#1373 = DIRECTION('',(0.,-1.,0.));
#1374 = ORIENTED_EDGE('',*,*,#1375,.T.);
#1375 = EDGE_CURVE('',#1367,#1376,#1378,.T.);
#1376 = VERTEX_POINT('',#1377);
#1377 = CARTESIAN_POINT('',(40.888944443027,-29.03105555697,3.));
#1378 = LINE('',#1379,#1380);
#1379 = CARTESIAN_POINT('',(40.888944443027,-29.03105555697,0.));
#1380 = VECTOR('',#1381,1.);
#1381 = DIRECTION('',(0.,0.,1.));
#1382 = ORIENTED_EDGE('',*,*,#1383,.T.);
#1383 = EDGE_CURVE('',#1376,#849,#1384,.T.);
#1384 = LINE('',#1385,#1386);
#1385 = CARTESIAN_POINT('',(40.888944443027,-29.03105555697,0.));
#1386 = VECTOR('',#1387,1.);
#1387 = DIRECTION('',(0.,0.,1.));
#1388 = ORIENTED_EDGE('',*,*,#856,.F.);
#1389 = ORIENTED_EDGE('',*,*,#1352,.F.);
#1390 = CYLINDRICAL_SURFACE('',#1391,1.54);
#1391 = AXIS2_PLACEMENT_3D('',#1392,#1393,#1394);
#1392 = CARTESIAN_POINT('',(39.8,-27.94211111394,0.));
#1393 = DIRECTION('',(0.,0.,1.));
#1394 = DIRECTION('',(1.,0.,0.));
#1395 = ADVANCED_FACE('',(#1396),#1415,.T.);
#1396 = FACE_BOUND('',#1397,.T.);
#1397 = EDGE_LOOP('',(#1398,#1407,#1413,#1414));
#1398 = ORIENTED_EDGE('',*,*,#1399,.T.);
#1399 = EDGE_CURVE('',#979,#1400,#1402,.T.);
#1400 = VERTEX_POINT('',#1401);
#1401 = CARTESIAN_POINT('',(-34.925,39.8,0.));
#1402 = CIRCLE('',#1403,1.54);
#1403 = AXIS2_PLACEMENT_3D('',#1404,#1405,#1406);
#1404 = CARTESIAN_POINT('',(-33.385,39.8,0.));
#1405 = DIRECTION('',(-0.,0.,1.));
#1406 = DIRECTION('',(0.,-1.,0.));
#1407 = ORIENTED_EDGE('',*,*,#1408,.T.);
#1408 = EDGE_CURVE('',#1400,#755,#1409,.T.);
#1409 = LINE('',#1410,#1411);
#1410 = CARTESIAN_POINT('',(-34.925,39.8,0.));
#1411 = VECTOR('',#1412,1.);
#1412 = DIRECTION('',(0.,0.,1.));
#1413 = ORIENTED_EDGE('',*,*,#754,.F.);
#1414 = ORIENTED_EDGE('',*,*,#988,.F.);
#1415 = CYLINDRICAL_SURFACE('',#1416,1.54);
#1416 = AXIS2_PLACEMENT_3D('',#1417,#1418,#1419);
#1417 = CARTESIAN_POINT('',(-33.385,39.8,0.));
#1418 = DIRECTION('',(0.,0.,1.));
#1419 = DIRECTION('',(0.,1.,0.));
#1420 = ADVANCED_FACE('',(#1421),#1464,.F.);
#1421 = FACE_BOUND('',#1422,.F.);
#1422 = EDGE_LOOP('',(#1423,#1433,#1442,#1448,#1449,#1457));
#1423 = ORIENTED_EDGE('',*,*,#1424,.F.);
#1424 = EDGE_CURVE('',#1425,#1427,#1429,.T.);
#1425 = VERTEX_POINT('',#1426);
#1426 = CARTESIAN_POINT('',(-35.06332322946,34.99,0.));
#1427 = VERTEX_POINT('',#1428);
#1428 = CARTESIAN_POINT('',(-35.06332322946,34.99,3.));
#1429 = LINE('',#1430,#1431);
#1430 = CARTESIAN_POINT('',(-35.06332322946,34.99,0.));
#1431 = VECTOR('',#1432,1.);
#1432 = DIRECTION('',(0.,0.,1.));
#1433 = ORIENTED_EDGE('',*,*,#1434,.T.);
#1434 = EDGE_CURVE('',#1425,#1435,#1437,.T.);
#1435 = VERTEX_POINT('',#1436);
#1436 = CARTESIAN_POINT('',(-34.925,35.627888886055,0.));
#1437 = CIRCLE('',#1438,1.54);
#1438 = AXIS2_PLACEMENT_3D('',#1439,#1440,#1441);
#1439 = CARTESIAN_POINT('',(-36.465,35.627888886055,0.));
#1440 = DIRECTION('',(-0.,0.,1.));
#1441 = DIRECTION('',(0.,-1.,0.));
#1442 = ORIENTED_EDGE('',*,*,#1443,.T.);
#1443 = EDGE_CURVE('',#1435,#764,#1444,.T.);
#1444 = LINE('',#1445,#1446);
#1445 = CARTESIAN_POINT('',(-34.925,35.627888886055,0.));
#1446 = VECTOR('',#1447,1.);
#1447 = DIRECTION('',(0.,0.,1.));
#1448 = ORIENTED_EDGE('',*,*,#771,.F.);
#1449 = ORIENTED_EDGE('',*,*,#1450,.F.);
#1450 = EDGE_CURVE('',#1451,#772,#1453,.T.);
#1451 = VERTEX_POINT('',#1452);
#1452 = CARTESIAN_POINT('',(-35.37605555697,34.538944443027,3.));
#1453 = LINE('',#1454,#1455);
#1454 = CARTESIAN_POINT('',(-35.37605555697,34.538944443027,0.));
#1455 = VECTOR('',#1456,1.);
#1456 = DIRECTION('',(0.,0.,1.));
#1457 = ORIENTED_EDGE('',*,*,#1458,.T.);
#1458 = EDGE_CURVE('',#1451,#1427,#1459,.T.);
#1459 = CIRCLE('',#1460,1.54);
#1460 = AXIS2_PLACEMENT_3D('',#1461,#1462,#1463);
#1461 = CARTESIAN_POINT('',(-36.465,35.627888886055,3.));
#1462 = DIRECTION('',(-0.,0.,1.));
#1463 = DIRECTION('',(0.707106781187,-0.707106781187,0.));
#1464 = CYLINDRICAL_SURFACE('',#1465,1.54);
#1465 = AXIS2_PLACEMENT_3D('',#1466,#1467,#1468);
#1466 = CARTESIAN_POINT('',(-36.465,35.627888886055,0.));
#1467 = DIRECTION('',(0.,0.,1.));
#1468 = DIRECTION('',(0.707106781187,-0.707106781187,0.));
#1469 = ADVANCED_FACE('',(#1470),#1481,.F.);
#1470 = FACE_BOUND('',#1471,.F.);
#1471 = EDGE_LOOP('',(#1472,#1478,#1479,#1480));
#1472 = ORIENTED_EDGE('',*,*,#1473,.F.);
#1473 = EDGE_CURVE('',#1400,#1435,#1474,.T.);
#1474 = LINE('',#1475,#1476);
#1475 = CARTESIAN_POINT('',(-34.925,41.34,0.));
#1476 = VECTOR('',#1477,1.);
#1477 = DIRECTION('',(0.,-1.,0.));
#1478 = ORIENTED_EDGE('',*,*,#1408,.T.);
#1479 = ORIENTED_EDGE('',*,*,#763,.T.);
#1480 = ORIENTED_EDGE('',*,*,#1443,.F.);
#1481 = PLANE('',#1482);
#1482 = AXIS2_PLACEMENT_3D('',#1483,#1484,#1485);
#1483 = CARTESIAN_POINT('',(-34.925,41.34,0.));
#1484 = DIRECTION('',(1.,0.,0.));
#1485 = DIRECTION('',(0.,-1.,0.));
#1486 = ADVANCED_FACE('',(#1487),#1493,.T.);
#1487 = FACE_BOUND('',#1488,.T.);
#1488 = EDGE_LOOP('',(#1489,#1490,#1491,#1492));
#1489 = ORIENTED_EDGE('',*,*,#1292,.F.);
#1490 = ORIENTED_EDGE('',*,*,#1085,.T.);
#1491 = ORIENTED_EDGE('',*,*,#882,.T.);
#1492 = ORIENTED_EDGE('',*,*,#1327,.F.);
#1493 = PLANE('',#1494);
#1494 = AXIS2_PLACEMENT_3D('',#1495,#1496,#1497);
#1495 = CARTESIAN_POINT('',(34.925,34.99,0.));
#1496 = DIRECTION('',(0.707106781187,0.707106781187,0.));
#1497 = DIRECTION('',(0.707106781187,-0.707106781187,0.));
#1498 = ADVANCED_FACE('',(#1499),#1533,.T.);
#1499 = FACE_BOUND('',#1500,.F.);
#1500 = EDGE_LOOP('',(#1501,#1512,#1518,#1519,#1527));
#1501 = ORIENTED_EDGE('',*,*,#1502,.T.);
#1502 = EDGE_CURVE('',#1503,#1505,#1507,.T.);
#1503 = VERTEX_POINT('',#1504);
#1504 = CARTESIAN_POINT('',(-40.88894444302,-29.03105555697,0.));
#1505 = VERTEX_POINT('',#1506);
#1506 = CARTESIAN_POINT('',(-41.34,-27.94211111394,0.));
#1507 = CIRCLE('',#1508,1.54);
#1508 = AXIS2_PLACEMENT_3D('',#1509,#1510,#1511);
#1509 = CARTESIAN_POINT('',(-39.8,-27.94211111394,0.));
#1510 = DIRECTION('',(-0.,-0.,-1.));
#1511 = DIRECTION('',(0.,-1.,0.));
#1512 = ORIENTED_EDGE('',*,*,#1513,.T.);
#1513 = EDGE_CURVE('',#1505,#798,#1514,.T.);
#1514 = LINE('',#1515,#1516);
#1515 = CARTESIAN_POINT('',(-41.34,-27.94211111394,0.));
#1516 = VECTOR('',#1517,1.);
#1517 = DIRECTION('',(0.,0.,1.));
#1518 = ORIENTED_EDGE('',*,*,#805,.F.);
#1519 = ORIENTED_EDGE('',*,*,#1520,.F.);
#1520 = EDGE_CURVE('',#1521,#806,#1523,.T.);
#1521 = VERTEX_POINT('',#1522);
#1522 = CARTESIAN_POINT('',(-40.88894444302,-29.03105555697,3.));
#1523 = LINE('',#1524,#1525);
#1524 = CARTESIAN_POINT('',(-40.88894444302,-29.03105555697,0.));
#1525 = VECTOR('',#1526,1.);
#1526 = DIRECTION('',(0.,0.,1.));
#1527 = ORIENTED_EDGE('',*,*,#1528,.F.);
#1528 = EDGE_CURVE('',#1503,#1521,#1529,.T.);
#1529 = LINE('',#1530,#1531);
#1530 = CARTESIAN_POINT('',(-40.88894444302,-29.03105555697,0.));
#1531 = VECTOR('',#1532,1.);
#1532 = DIRECTION('',(0.,0.,1.));
#1533 = CYLINDRICAL_SURFACE('',#1534,1.54);
#1534 = AXIS2_PLACEMENT_3D('',#1535,#1536,#1537);
#1535 = CARTESIAN_POINT('',(-39.8,-27.94211111394,0.));
#1536 = DIRECTION('',(0.,0.,1.));
#1537 = DIRECTION('',(-0.707106781187,-0.707106781187,0.));
#1538 = ADVANCED_FACE('',(#1539),#1557,.T.);
#1539 = FACE_BOUND('',#1540,.T.);
#1540 = EDGE_LOOP('',(#1541,#1549,#1550,#1551));
#1541 = ORIENTED_EDGE('',*,*,#1542,.F.);
#1542 = EDGE_CURVE('',#1505,#1543,#1545,.T.);
#1543 = VERTEX_POINT('',#1544);
#1544 = CARTESIAN_POINT('',(-41.34,27.937111113945,0.));
#1545 = LINE('',#1546,#1547);
#1546 = CARTESIAN_POINT('',(-41.34,-28.58,0.));
#1547 = VECTOR('',#1548,1.);
#1548 = DIRECTION('',(0.,1.,0.));
#1549 = ORIENTED_EDGE('',*,*,#1513,.T.);
#1550 = ORIENTED_EDGE('',*,*,#797,.T.);
#1551 = ORIENTED_EDGE('',*,*,#1552,.F.);
#1552 = EDGE_CURVE('',#1543,#789,#1553,.T.);
#1553 = LINE('',#1554,#1555);
#1554 = CARTESIAN_POINT('',(-41.34,27.937111113945,0.));
#1555 = VECTOR('',#1556,1.);
#1556 = DIRECTION('',(0.,0.,1.));
#1557 = PLANE('',#1558);
#1558 = AXIS2_PLACEMENT_3D('',#1559,#1560,#1561);
#1559 = CARTESIAN_POINT('',(-41.34,-28.58,0.));
#1560 = DIRECTION('',(-1.,0.,0.));
#1561 = DIRECTION('',(0.,1.,0.));
#1562 = ADVANCED_FACE('',(#1563),#1590,.T.);
#1563 = FACE_BOUND('',#1564,.F.);
#1564 = EDGE_LOOP('',(#1565,#1574,#1582,#1588,#1589));
#1565 = ORIENTED_EDGE('',*,*,#1566,.T.);
#1566 = EDGE_CURVE('',#1543,#1567,#1569,.T.);
#1567 = VERTEX_POINT('',#1568);
#1568 = CARTESIAN_POINT('',(-40.88894444302,29.026055556973,0.));
#1569 = CIRCLE('',#1570,1.54);
#1570 = AXIS2_PLACEMENT_3D('',#1571,#1572,#1573);
#1571 = CARTESIAN_POINT('',(-39.8,27.937111113945,0.));
#1572 = DIRECTION('',(-0.,-0.,-1.));
#1573 = DIRECTION('',(0.,-1.,0.));
#1574 = ORIENTED_EDGE('',*,*,#1575,.T.);
#1575 = EDGE_CURVE('',#1567,#1576,#1578,.T.);
#1576 = VERTEX_POINT('',#1577);
#1577 = CARTESIAN_POINT('',(-40.88894444302,29.026055556973,3.));
#1578 = LINE('',#1579,#1580);
#1579 = CARTESIAN_POINT('',(-40.88894444302,29.026055556973,0.));
#1580 = VECTOR('',#1581,1.);
#1581 = DIRECTION('',(0.,0.,1.));
#1582 = ORIENTED_EDGE('',*,*,#1583,.T.);
#1583 = EDGE_CURVE('',#1576,#781,#1584,.T.);
#1584 = LINE('',#1585,#1586);
#1585 = CARTESIAN_POINT('',(-40.88894444302,29.026055556973,0.));
#1586 = VECTOR('',#1587,1.);
#1587 = DIRECTION('',(0.,0.,1.));
#1588 = ORIENTED_EDGE('',*,*,#788,.F.);
#1589 = ORIENTED_EDGE('',*,*,#1552,.F.);
#1590 = CYLINDRICAL_SURFACE('',#1591,1.54);
#1591 = AXIS2_PLACEMENT_3D('',#1592,#1593,#1594);
#1592 = CARTESIAN_POINT('',(-39.8,27.937111113945,0.));
#1593 = DIRECTION('',(0.,0.,1.));
#1594 = DIRECTION('',(-1.,0.,0.));
#1595 = ADVANCED_FACE('',(#1596),#1621,.T.);
#1596 = FACE_BOUND('',#1597,.F.);
#1597 = EDGE_LOOP('',(#1598,#1607,#1613,#1614,#1620));
#1598 = ORIENTED_EDGE('',*,*,#1599,.T.);
#1599 = EDGE_CURVE('',#401,#1600,#1602,.T.);
#1600 = VERTEX_POINT('',#1601);
#1601 = CARTESIAN_POINT('',(27.942111113945,-41.34,0.));
#1602 = CIRCLE('',#1603,1.54);
#1603 = AXIS2_PLACEMENT_3D('',#1604,#1605,#1606);
#1604 = CARTESIAN_POINT('',(27.942111113945,-39.8,0.));
#1605 = DIRECTION('',(-0.,-0.,-1.));
#1606 = DIRECTION('',(0.,-1.,0.));
#1607 = ORIENTED_EDGE('',*,*,#1608,.T.);
#1608 = EDGE_CURVE('',#1600,#832,#1609,.T.);
#1609 = LINE('',#1610,#1611);
#1610 = CARTESIAN_POINT('',(27.942111113945,-41.34,0.));
#1611 = VECTOR('',#1612,1.);
#1612 = DIRECTION('',(0.,0.,1.));
#1613 = ORIENTED_EDGE('',*,*,#839,.F.);
#1614 = ORIENTED_EDGE('',*,*,#1615,.F.);
#1615 = EDGE_CURVE('',#409,#840,#1616,.T.);
#1616 = LINE('',#1617,#1618);
#1617 = CARTESIAN_POINT('',(29.031055556973,-40.88894444302,0.));
#1618 = VECTOR('',#1619,1.);
#1619 = DIRECTION('',(0.,0.,1.));
#1620 = ORIENTED_EDGE('',*,*,#408,.F.);
#1621 = CYLINDRICAL_SURFACE('',#1622,1.54);
#1622 = AXIS2_PLACEMENT_3D('',#1623,#1624,#1625);
#1623 = CARTESIAN_POINT('',(27.942111113945,-39.8,0.));
#1624 = DIRECTION('',(0.,0.,1.));
#1625 = DIRECTION('',(0.707106781187,-0.707106781187,0.));
#1626 = ADVANCED_FACE('',(#1627),#1645,.T.);
#1627 = FACE_BOUND('',#1628,.T.);
#1628 = EDGE_LOOP('',(#1629,#1637,#1638,#1639));
#1629 = ORIENTED_EDGE('',*,*,#1630,.F.);
#1630 = EDGE_CURVE('',#1600,#1631,#1633,.T.);
#1631 = VERTEX_POINT('',#1632);
#1632 = CARTESIAN_POINT('',(-27.94211111394,-41.34,0.));
#1633 = LINE('',#1634,#1635);
#1634 = CARTESIAN_POINT('',(28.58,-41.34,0.));
#1635 = VECTOR('',#1636,1.);
#1636 = DIRECTION('',(-1.,0.,0.));
#1637 = ORIENTED_EDGE('',*,*,#1608,.T.);
#1638 = ORIENTED_EDGE('',*,*,#831,.T.);
#1639 = ORIENTED_EDGE('',*,*,#1640,.F.);
#1640 = EDGE_CURVE('',#1631,#823,#1641,.T.);
#1641 = LINE('',#1642,#1643);
#1642 = CARTESIAN_POINT('',(-27.94211111394,-41.34,0.));
#1643 = VECTOR('',#1644,1.);
#1644 = DIRECTION('',(0.,0.,1.));
#1645 = PLANE('',#1646);
#1646 = AXIS2_PLACEMENT_3D('',#1647,#1648,#1649);
#1647 = CARTESIAN_POINT('',(28.58,-41.34,0.));
#1648 = DIRECTION('',(0.,-1.,0.));
#1649 = DIRECTION('',(-1.,0.,0.));
#1650 = ADVANCED_FACE('',(#1651),#1678,.T.);
#1651 = FACE_BOUND('',#1652,.F.);
#1652 = EDGE_LOOP('',(#1653,#1662,#1670,#1676,#1677));
#1653 = ORIENTED_EDGE('',*,*,#1654,.T.);
#1654 = EDGE_CURVE('',#1631,#1655,#1657,.T.);
#1655 = VERTEX_POINT('',#1656);
#1656 = CARTESIAN_POINT('',(-29.03105555697,-40.88894444302,0.));
#1657 = CIRCLE('',#1658,1.54);
#1658 = AXIS2_PLACEMENT_3D('',#1659,#1660,#1661);
#1659 = CARTESIAN_POINT('',(-27.94211111394,-39.8,0.));
#1660 = DIRECTION('',(-0.,-0.,-1.));
#1661 = DIRECTION('',(0.,-1.,0.));
#1662 = ORIENTED_EDGE('',*,*,#1663,.T.);
#1663 = EDGE_CURVE('',#1655,#1664,#1666,.T.);
#1664 = VERTEX_POINT('',#1665);
#1665 = CARTESIAN_POINT('',(-29.03105555696,-40.88894444301,3.));
#1666 = LINE('',#1667,#1668);
#1667 = CARTESIAN_POINT('',(-29.03105555697,-40.88894444302,0.));
#1668 = VECTOR('',#1669,1.);
#1669 = DIRECTION('',(0.,0.,1.));
#1670 = ORIENTED_EDGE('',*,*,#1671,.T.);
#1671 = EDGE_CURVE('',#1664,#815,#1672,.T.);
#1672 = LINE('',#1673,#1674);
#1673 = CARTESIAN_POINT('',(-29.03105555697,-40.88894444302,0.));
#1674 = VECTOR('',#1675,1.);
#1675 = DIRECTION('',(0.,0.,1.));
#1676 = ORIENTED_EDGE('',*,*,#822,.F.);
#1677 = ORIENTED_EDGE('',*,*,#1640,.F.);
#1678 = CYLINDRICAL_SURFACE('',#1679,1.54);
#1679 = AXIS2_PLACEMENT_3D('',#1680,#1681,#1682);
#1680 = CARTESIAN_POINT('',(-27.94211111394,-39.8,0.));
#1681 = DIRECTION('',(0.,0.,1.));
#1682 = DIRECTION('',(0.,-1.,0.));
#1683 = ADVANCED_FACE('',(#1684),#1709,.T.);
#1684 = FACE_BOUND('',#1685,.F.);
#1685 = EDGE_LOOP('',(#1686,#1694,#1702,#1708));
#1686 = ORIENTED_EDGE('',*,*,#1687,.F.);
#1687 = EDGE_CURVE('',#1688,#1367,#1690,.T.);
#1688 = VERTEX_POINT('',#1689);
#1689 = CARTESIAN_POINT('',(41.34,-28.58,0.));
#1690 = LINE('',#1691,#1692);
#1691 = CARTESIAN_POINT('',(41.34,-28.58,0.));
#1692 = VECTOR('',#1693,1.);
#1693 = DIRECTION('',(-0.707106781188,-0.707106781185,-0.));
#1694 = ORIENTED_EDGE('',*,*,#1695,.T.);
#1695 = EDGE_CURVE('',#1688,#1696,#1698,.T.);
#1696 = VERTEX_POINT('',#1697);
#1697 = CARTESIAN_POINT('',(41.34,-28.58,3.));
#1698 = LINE('',#1699,#1700);
#1699 = CARTESIAN_POINT('',(41.34,-28.58,0.));
#1700 = VECTOR('',#1701,1.);
#1701 = DIRECTION('',(0.,0.,1.));
#1702 = ORIENTED_EDGE('',*,*,#1703,.T.);
#1703 = EDGE_CURVE('',#1696,#1376,#1704,.T.);
#1704 = LINE('',#1705,#1706);
#1705 = CARTESIAN_POINT('',(41.34,-28.58,3.));
#1706 = VECTOR('',#1707,1.);
#1707 = DIRECTION('',(-0.707106781188,-0.707106781185,-0.));
#1708 = ORIENTED_EDGE('',*,*,#1375,.F.);
#1709 = PLANE('',#1710);
#1710 = AXIS2_PLACEMENT_3D('',#1711,#1712,#1713);
#1711 = CARTESIAN_POINT('',(41.34,-28.58,0.));
#1712 = DIRECTION('',(-0.707106781185,0.707106781188,0.));
#1713 = DIRECTION('',(0.707106781188,0.707106781185,0.));
#1714 = ADVANCED_FACE('',(#1715),#1726,.T.);
#1715 = FACE_BOUND('',#1716,.T.);
#1716 = EDGE_LOOP('',(#1717,#1723,#1724,#1725));
#1717 = ORIENTED_EDGE('',*,*,#1718,.F.);
#1718 = EDGE_CURVE('',#1376,#409,#1719,.T.);
#1719 = LINE('',#1720,#1721);
#1720 = CARTESIAN_POINT('',(41.34,-28.58,3.));
#1721 = VECTOR('',#1722,1.);
#1722 = DIRECTION('',(-0.707106781188,-0.707106781185,-0.));
#1723 = ORIENTED_EDGE('',*,*,#1383,.T.);
#1724 = ORIENTED_EDGE('',*,*,#848,.T.);
#1725 = ORIENTED_EDGE('',*,*,#1615,.F.);
#1726 = PLANE('',#1727);
#1727 = AXIS2_PLACEMENT_3D('',#1728,#1729,#1730);
#1728 = CARTESIAN_POINT('',(41.34,-28.58,0.));
#1729 = DIRECTION('',(0.707106781187,-0.707106781187,0.));
#1730 = DIRECTION('',(-0.707106781187,-0.707106781187,0.));
#1731 = ADVANCED_FACE('',(#1732),#1757,.T.);
#1732 = FACE_BOUND('',#1733,.F.);
#1733 = EDGE_LOOP('',(#1734,#1742,#1743,#1751));
#1734 = ORIENTED_EDGE('',*,*,#1735,.F.);
#1735 = EDGE_CURVE('',#368,#1736,#1738,.T.);
#1736 = VERTEX_POINT('',#1737);
#1737 = CARTESIAN_POINT('',(34.329999999957,-38.84000000004,0.));
#1738 = LINE('',#1739,#1740);
#1739 = CARTESIAN_POINT('',(34.329999999957,-41.34,0.));
#1740 = VECTOR('',#1741,1.);
#1741 = DIRECTION('',(0.,1.,0.));
#1742 = ORIENTED_EDGE('',*,*,#376,.T.);
#1743 = ORIENTED_EDGE('',*,*,#1744,.T.);
#1744 = EDGE_CURVE('',#377,#1745,#1747,.T.);
#1745 = VERTEX_POINT('',#1746);
#1746 = CARTESIAN_POINT('',(34.329999999957,-38.84000000004,3.));
#1747 = LINE('',#1748,#1749);
#1748 = CARTESIAN_POINT('',(34.329999999957,-41.34,3.));
#1749 = VECTOR('',#1750,1.);
#1750 = DIRECTION('',(0.,1.,0.));
#1751 = ORIENTED_EDGE('',*,*,#1752,.F.);
#1752 = EDGE_CURVE('',#1736,#1745,#1753,.T.);
#1753 = LINE('',#1754,#1755);
#1754 = CARTESIAN_POINT('',(34.329999999957,-38.84000000004,0.));
#1755 = VECTOR('',#1756,1.);
#1756 = DIRECTION('',(0.,0.,1.));
#1757 = PLANE('',#1758);
#1758 = AXIS2_PLACEMENT_3D('',#1759,#1760,#1761);
#1759 = CARTESIAN_POINT('',(34.329999999957,-41.34,0.));
#1760 = DIRECTION('',(1.,0.,0.));
#1761 = DIRECTION('',(0.,-1.,0.));
#1762 = ADVANCED_FACE('',(#1763),#1790,.F.);
#1763 = FACE_BOUND('',#1764,.F.);
#1764 = EDGE_LOOP('',(#1765,#1766,#1775,#1783));
#1765 = ORIENTED_EDGE('',*,*,#1752,.T.);
#1766 = ORIENTED_EDGE('',*,*,#1767,.T.);
#1767 = EDGE_CURVE('',#1745,#1768,#1770,.T.);
#1768 = VERTEX_POINT('',#1769);
#1769 = CARTESIAN_POINT('',(38.84,-34.33,3.));
#1770 = CIRCLE('',#1771,4.510000000043);
#1771 = AXIS2_PLACEMENT_3D('',#1772,#1773,#1774);
#1772 = CARTESIAN_POINT('',(38.84,-38.84000000004,3.));
#1773 = DIRECTION('',(0.,0.,-1.));
#1774 = DIRECTION('',(-1.,-0.,-0.));
#1775 = ORIENTED_EDGE('',*,*,#1776,.F.);
#1776 = EDGE_CURVE('',#1777,#1768,#1779,.T.);
#1777 = VERTEX_POINT('',#1778);
#1778 = CARTESIAN_POINT('',(38.84,-34.33,0.));
#1779 = LINE('',#1780,#1781);
#1780 = CARTESIAN_POINT('',(38.84,-34.33,0.));
#1781 = VECTOR('',#1782,1.);
#1782 = DIRECTION('',(0.,0.,1.));
#1783 = ORIENTED_EDGE('',*,*,#1784,.F.);
#1784 = EDGE_CURVE('',#1736,#1777,#1785,.T.);
#1785 = CIRCLE('',#1786,4.510000000043);
#1786 = AXIS2_PLACEMENT_3D('',#1787,#1788,#1789);
#1787 = CARTESIAN_POINT('',(38.84,-38.84000000004,0.));
#1788 = DIRECTION('',(0.,0.,-1.));
#1789 = DIRECTION('',(-1.,-0.,-0.));
#1790 = CYLINDRICAL_SURFACE('',#1791,4.510000000043);
#1791 = AXIS2_PLACEMENT_3D('',#1792,#1793,#1794);
#1792 = CARTESIAN_POINT('',(38.84,-38.84000000004,0.));
#1793 = DIRECTION('',(0.,0.,-1.));
#1794 = DIRECTION('',(-1.,0.,0.));
#1795 = ADVANCED_FACE('',(#1796),#1821,.T.);
#1796 = FACE_BOUND('',#1797,.F.);
#1797 = EDGE_LOOP('',(#1798,#1806,#1807,#1815));
#1798 = ORIENTED_EDGE('',*,*,#1799,.F.);
#1799 = EDGE_CURVE('',#1777,#1800,#1802,.T.);
#1800 = VERTEX_POINT('',#1801);
#1801 = CARTESIAN_POINT('',(40.34,-34.33,0.));
#1802 = LINE('',#1803,#1804);
#1803 = CARTESIAN_POINT('',(38.84,-34.33,0.));
#1804 = VECTOR('',#1805,1.);
#1805 = DIRECTION('',(1.,0.,0.));
#1806 = ORIENTED_EDGE('',*,*,#1776,.T.);
#1807 = ORIENTED_EDGE('',*,*,#1808,.T.);
#1808 = EDGE_CURVE('',#1768,#1809,#1811,.T.);
#1809 = VERTEX_POINT('',#1810);
#1810 = CARTESIAN_POINT('',(40.34,-34.33,3.));
#1811 = LINE('',#1812,#1813);
#1812 = CARTESIAN_POINT('',(38.84,-34.33,3.));
#1813 = VECTOR('',#1814,1.);
#1814 = DIRECTION('',(1.,0.,0.));
#1815 = ORIENTED_EDGE('',*,*,#1816,.F.);
#1816 = EDGE_CURVE('',#1800,#1809,#1817,.T.);
#1817 = LINE('',#1818,#1819);
#1818 = CARTESIAN_POINT('',(40.34,-34.33,0.));
#1819 = VECTOR('',#1820,1.);
#1820 = DIRECTION('',(0.,0.,1.));
#1821 = PLANE('',#1822);
#1822 = AXIS2_PLACEMENT_3D('',#1823,#1824,#1825);
#1823 = CARTESIAN_POINT('',(38.84,-34.33,0.));
#1824 = DIRECTION('',(-0.,-1.,-0.));
#1825 = DIRECTION('',(-1.,0.,0.));
#1826 = ADVANCED_FACE('',(#1827),#1852,.T.);
#1827 = FACE_BOUND('',#1828,.F.);
#1828 = EDGE_LOOP('',(#1829,#1837,#1845,#1851));
#1829 = ORIENTED_EDGE('',*,*,#1830,.F.);
#1830 = EDGE_CURVE('',#1831,#1688,#1833,.T.);
#1831 = VERTEX_POINT('',#1832);
#1832 = CARTESIAN_POINT('',(41.34,-33.33,0.));
#1833 = LINE('',#1834,#1835);
#1834 = CARTESIAN_POINT('',(41.34,-34.33,0.));
#1835 = VECTOR('',#1836,1.);
#1836 = DIRECTION('',(0.,1.,0.));
#1837 = ORIENTED_EDGE('',*,*,#1838,.T.);
#1838 = EDGE_CURVE('',#1831,#1839,#1841,.T.);
#1839 = VERTEX_POINT('',#1840);
#1840 = CARTESIAN_POINT('',(41.34,-33.33,3.));
#1841 = LINE('',#1842,#1843);
#1842 = CARTESIAN_POINT('',(41.34,-33.33,0.));
#1843 = VECTOR('',#1844,1.);
#1844 = DIRECTION('',(0.,0.,1.));
#1845 = ORIENTED_EDGE('',*,*,#1846,.T.);
#1846 = EDGE_CURVE('',#1839,#1696,#1847,.T.);
#1847 = LINE('',#1848,#1849);
#1848 = CARTESIAN_POINT('',(41.34,-34.33,3.));
#1849 = VECTOR('',#1850,1.);
#1850 = DIRECTION('',(0.,1.,0.));
#1851 = ORIENTED_EDGE('',*,*,#1695,.F.);
#1852 = PLANE('',#1853);
#1853 = AXIS2_PLACEMENT_3D('',#1854,#1855,#1856);
#1854 = CARTESIAN_POINT('',(41.34,-34.33,0.));
#1855 = DIRECTION('',(1.,0.,0.));
#1856 = DIRECTION('',(0.,-1.,0.));
#1857 = ADVANCED_FACE('',(#1858),#1876,.T.);
#1858 = FACE_BOUND('',#1859,.T.);
#1859 = EDGE_LOOP('',(#1860,#1867,#1868,#1875));
#1860 = ORIENTED_EDGE('',*,*,#1861,.T.);
#1861 = EDGE_CURVE('',#1800,#1831,#1862,.T.);
#1862 = CIRCLE('',#1863,1.);
#1863 = AXIS2_PLACEMENT_3D('',#1864,#1865,#1866);
#1864 = CARTESIAN_POINT('',(40.34,-33.33,0.));
#1865 = DIRECTION('',(-0.,0.,1.));
#1866 = DIRECTION('',(0.,-1.,0.));
#1867 = ORIENTED_EDGE('',*,*,#1838,.T.);
#1868 = ORIENTED_EDGE('',*,*,#1869,.F.);
#1869 = EDGE_CURVE('',#1809,#1839,#1870,.T.);
#1870 = CIRCLE('',#1871,1.);
#1871 = AXIS2_PLACEMENT_3D('',#1872,#1873,#1874);
#1872 = CARTESIAN_POINT('',(40.34,-33.33,3.));
#1873 = DIRECTION('',(-0.,0.,1.));
#1874 = DIRECTION('',(0.,-1.,0.));
#1875 = ORIENTED_EDGE('',*,*,#1816,.F.);
#1876 = CYLINDRICAL_SURFACE('',#1877,1.);
#1877 = AXIS2_PLACEMENT_3D('',#1878,#1879,#1880);
#1878 = CARTESIAN_POINT('',(40.34,-33.33,0.));
#1879 = DIRECTION('',(0.,0.,1.));
#1880 = DIRECTION('',(0.,-1.,0.));
#1881 = ADVANCED_FACE('',(#1882),#1907,.T.);
#1882 = FACE_BOUND('',#1883,.T.);
#1883 = EDGE_LOOP('',(#1884,#1892,#1893,#1901));
#1884 = ORIENTED_EDGE('',*,*,#1885,.F.);
#1885 = EDGE_CURVE('',#1655,#1886,#1888,.T.);
#1886 = VERTEX_POINT('',#1887);
#1887 = CARTESIAN_POINT('',(-28.57999999995,-41.34,0.));
#1888 = LINE('',#1889,#1890);
#1889 = CARTESIAN_POINT('',(-41.34,-28.58,0.));
#1890 = VECTOR('',#1891,1.);
#1891 = DIRECTION('',(0.707106781188,-0.707106781185,0.));
#1892 = ORIENTED_EDGE('',*,*,#1663,.T.);
#1893 = ORIENTED_EDGE('',*,*,#1894,.T.);
#1894 = EDGE_CURVE('',#1664,#1895,#1897,.T.);
#1895 = VERTEX_POINT('',#1896);
#1896 = CARTESIAN_POINT('',(-28.57999999995,-41.34,3.));
#1897 = LINE('',#1898,#1899);
#1898 = CARTESIAN_POINT('',(-41.34,-28.58,3.));
#1899 = VECTOR('',#1900,1.);
#1900 = DIRECTION('',(0.707106781188,-0.707106781185,0.));
#1901 = ORIENTED_EDGE('',*,*,#1902,.F.);
#1902 = EDGE_CURVE('',#1886,#1895,#1903,.T.);
#1903 = LINE('',#1904,#1905);
#1904 = CARTESIAN_POINT('',(-28.57999999995,-41.34,0.));
#1905 = VECTOR('',#1906,1.);
#1906 = DIRECTION('',(0.,0.,1.));
#1907 = PLANE('',#1908);
#1908 = AXIS2_PLACEMENT_3D('',#1909,#1910,#1911);
#1909 = CARTESIAN_POINT('',(-41.34,-28.58,0.));
#1910 = DIRECTION('',(0.707106781185,0.707106781188,0.));
#1911 = DIRECTION('',(0.707106781188,-0.707106781185,0.));
#1912 = ADVANCED_FACE('',(#1913),#1924,.T.);
#1913 = FACE_BOUND('',#1914,.T.);
#1914 = EDGE_LOOP('',(#1915,#1921,#1922,#1923));
#1915 = ORIENTED_EDGE('',*,*,#1916,.T.);
#1916 = EDGE_CURVE('',#1521,#1664,#1917,.T.);
#1917 = LINE('',#1918,#1919);
#1918 = CARTESIAN_POINT('',(-41.34,-28.58,3.));
#1919 = VECTOR('',#1920,1.);
#1920 = DIRECTION('',(0.707106781188,-0.707106781185,0.));
#1921 = ORIENTED_EDGE('',*,*,#1671,.T.);
#1922 = ORIENTED_EDGE('',*,*,#814,.T.);
#1923 = ORIENTED_EDGE('',*,*,#1520,.F.);
#1924 = PLANE('',#1925);
#1925 = AXIS2_PLACEMENT_3D('',#1926,#1927,#1928);
#1926 = CARTESIAN_POINT('',(-28.58,-41.34,0.));
#1927 = DIRECTION('',(-0.707106781187,-0.707106781187,0.));
#1928 = DIRECTION('',(-0.707106781187,0.707106781187,0.));
#1929 = ADVANCED_FACE('',(#1930),#1955,.T.);
#1930 = FACE_BOUND('',#1931,.T.);
#1931 = EDGE_LOOP('',(#1932,#1940,#1941,#1949));
#1932 = ORIENTED_EDGE('',*,*,#1933,.F.);
#1933 = EDGE_CURVE('',#1886,#1934,#1936,.T.);
#1934 = VERTEX_POINT('',#1935);
#1935 = CARTESIAN_POINT('',(-33.32999999995,-41.34,0.));
#1936 = LINE('',#1937,#1938);
#1937 = CARTESIAN_POINT('',(-28.57999999995,-41.34,0.));
#1938 = VECTOR('',#1939,1.);
#1939 = DIRECTION('',(-1.,-1.24E-15,0.));
#1940 = ORIENTED_EDGE('',*,*,#1902,.T.);
#1941 = ORIENTED_EDGE('',*,*,#1942,.T.);
#1942 = EDGE_CURVE('',#1895,#1943,#1945,.T.);
#1943 = VERTEX_POINT('',#1944);
#1944 = CARTESIAN_POINT('',(-33.32999999995,-41.34,3.));
#1945 = LINE('',#1946,#1947);
#1946 = CARTESIAN_POINT('',(-28.57999999995,-41.34,3.));
#1947 = VECTOR('',#1948,1.);
#1948 = DIRECTION('',(-1.,-1.24E-15,0.));
#1949 = ORIENTED_EDGE('',*,*,#1950,.F.);
#1950 = EDGE_CURVE('',#1934,#1943,#1951,.T.);
#1951 = LINE('',#1952,#1953);
#1952 = CARTESIAN_POINT('',(-33.32999999995,-41.34,0.));
#1953 = VECTOR('',#1954,1.);
#1954 = DIRECTION('',(0.,0.,1.));
#1955 = PLANE('',#1956);
#1956 = AXIS2_PLACEMENT_3D('',#1957,#1958,#1959);
#1957 = CARTESIAN_POINT('',(-28.57999999995,-41.34,0.));
#1958 = DIRECTION('',(1.24E-15,-1.,0.));
#1959 = DIRECTION('',(-1.,-1.24E-15,0.));
#1960 = ADVANCED_FACE('',(#1961),#1988,.T.);
#1961 = FACE_BOUND('',#1962,.F.);
#1962 = EDGE_LOOP('',(#1963,#1972,#1980,#1987));
#1963 = ORIENTED_EDGE('',*,*,#1964,.T.);
#1964 = EDGE_CURVE('',#1934,#1965,#1967,.T.);
#1965 = VERTEX_POINT('',#1966);
#1966 = CARTESIAN_POINT('',(-34.32999999995,-40.34,0.));
#1967 = CIRCLE('',#1968,1.);
#1968 = AXIS2_PLACEMENT_3D('',#1969,#1970,#1971);
#1969 = CARTESIAN_POINT('',(-33.32999999995,-40.34,0.));
#1970 = DIRECTION('',(-0.,-0.,-1.));
#1971 = DIRECTION('',(0.,-1.,0.));
#1972 = ORIENTED_EDGE('',*,*,#1973,.T.);
#1973 = EDGE_CURVE('',#1965,#1974,#1976,.T.);
#1974 = VERTEX_POINT('',#1975);
#1975 = CARTESIAN_POINT('',(-34.32999999995,-40.34,3.));
#1976 = LINE('',#1977,#1978);
#1977 = CARTESIAN_POINT('',(-34.32999999995,-40.34,0.));
#1978 = VECTOR('',#1979,1.);
#1979 = DIRECTION('',(0.,0.,1.));
#1980 = ORIENTED_EDGE('',*,*,#1981,.F.);
#1981 = EDGE_CURVE('',#1943,#1974,#1982,.T.);
#1982 = CIRCLE('',#1983,1.);
#1983 = AXIS2_PLACEMENT_3D('',#1984,#1985,#1986);
#1984 = CARTESIAN_POINT('',(-33.32999999995,-40.34,3.));
#1985 = DIRECTION('',(-0.,-0.,-1.));
#1986 = DIRECTION('',(0.,-1.,0.));
#1987 = ORIENTED_EDGE('',*,*,#1950,.F.);
#1988 = CYLINDRICAL_SURFACE('',#1989,1.);
#1989 = AXIS2_PLACEMENT_3D('',#1990,#1991,#1992);
#1990 = CARTESIAN_POINT('',(-33.32999999995,-40.34,0.));
#1991 = DIRECTION('',(0.,0.,1.));
#1992 = DIRECTION('',(1.24E-15,-1.,0.));
#1993 = ADVANCED_FACE('',(#1994),#2019,.T.);
#1994 = FACE_BOUND('',#1995,.T.);
#1995 = EDGE_LOOP('',(#1996,#2004,#2005,#2013));
#1996 = ORIENTED_EDGE('',*,*,#1997,.F.);
#1997 = EDGE_CURVE('',#1965,#1998,#2000,.T.);
#1998 = VERTEX_POINT('',#1999);
#1999 = CARTESIAN_POINT('',(-34.32999999995,-38.84000000004,0.));
#2000 = LINE('',#2001,#2002);
#2001 = CARTESIAN_POINT('',(-34.32999999995,-41.34,0.));
#2002 = VECTOR('',#2003,1.);
#2003 = DIRECTION('',(0.,1.,0.));
#2004 = ORIENTED_EDGE('',*,*,#1973,.T.);
#2005 = ORIENTED_EDGE('',*,*,#2006,.T.);
#2006 = EDGE_CURVE('',#1974,#2007,#2009,.T.);
#2007 = VERTEX_POINT('',#2008);
#2008 = CARTESIAN_POINT('',(-34.32999999995,-38.84000000004,3.));
#2009 = LINE('',#2010,#2011);
#2010 = CARTESIAN_POINT('',(-34.32999999995,-41.34,3.));
#2011 = VECTOR('',#2012,1.);
#2012 = DIRECTION('',(0.,1.,0.));
#2013 = ORIENTED_EDGE('',*,*,#2014,.F.);
#2014 = EDGE_CURVE('',#1998,#2007,#2015,.T.);
#2015 = LINE('',#2016,#2017);
#2016 = CARTESIAN_POINT('',(-34.32999999995,-38.84000000004,0.));
#2017 = VECTOR('',#2018,1.);
#2018 = DIRECTION('',(0.,0.,1.));
#2019 = PLANE('',#2020);
#2020 = AXIS2_PLACEMENT_3D('',#2021,#2022,#2023);
#2021 = CARTESIAN_POINT('',(-34.32999999995,-41.34,0.));
#2022 = DIRECTION('',(-1.,0.,0.));
#2023 = DIRECTION('',(0.,1.,0.));
#2024 = ADVANCED_FACE('',(#2025),#2052,.F.);
#2025 = FACE_BOUND('',#2026,.T.);
#2026 = EDGE_LOOP('',(#2027,#2028,#2037,#2045));
#2027 = ORIENTED_EDGE('',*,*,#2014,.T.);
#2028 = ORIENTED_EDGE('',*,*,#2029,.T.);
#2029 = EDGE_CURVE('',#2007,#2030,#2032,.T.);
#2030 = VERTEX_POINT('',#2031);
#2031 = CARTESIAN_POINT('',(-38.84,-34.33,3.));
#2032 = CIRCLE('',#2033,4.510000000043);
#2033 = AXIS2_PLACEMENT_3D('',#2034,#2035,#2036);
#2034 = CARTESIAN_POINT('',(-38.84,-38.84000000004,3.));
#2035 = DIRECTION('',(0.,0.,1.));
#2036 = DIRECTION('',(1.,0.,0.));
#2037 = ORIENTED_EDGE('',*,*,#2038,.F.);
#2038 = EDGE_CURVE('',#2039,#2030,#2041,.T.);
#2039 = VERTEX_POINT('',#2040);
#2040 = CARTESIAN_POINT('',(-38.84,-34.33,0.));
#2041 = LINE('',#2042,#2043);
#2042 = CARTESIAN_POINT('',(-38.84,-34.33,0.));
#2043 = VECTOR('',#2044,1.);
#2044 = DIRECTION('',(0.,0.,1.));
#2045 = ORIENTED_EDGE('',*,*,#2046,.F.);
#2046 = EDGE_CURVE('',#1998,#2039,#2047,.T.);
#2047 = CIRCLE('',#2048,4.510000000043);
#2048 = AXIS2_PLACEMENT_3D('',#2049,#2050,#2051);
#2049 = CARTESIAN_POINT('',(-38.84,-38.84000000004,0.));
#2050 = DIRECTION('',(0.,0.,1.));
#2051 = DIRECTION('',(1.,0.,0.));
#2052 = CYLINDRICAL_SURFACE('',#2053,4.510000000043);
#2053 = AXIS2_PLACEMENT_3D('',#2054,#2055,#2056);
#2054 = CARTESIAN_POINT('',(-38.84,-38.84000000004,0.));
#2055 = DIRECTION('',(-0.,-0.,-1.));
#2056 = DIRECTION('',(1.,0.,0.));
#2057 = ADVANCED_FACE('',(#2058),#2083,.T.);
#2058 = FACE_BOUND('',#2059,.T.);
#2059 = EDGE_LOOP('',(#2060,#2068,#2076,#2082));
#2060 = ORIENTED_EDGE('',*,*,#2061,.F.);
#2061 = EDGE_CURVE('',#2062,#1503,#2064,.T.);
#2062 = VERTEX_POINT('',#2063);
#2063 = CARTESIAN_POINT('',(-41.34,-28.58,0.));
#2064 = LINE('',#2065,#2066);
#2065 = CARTESIAN_POINT('',(-41.34,-28.58,0.));
#2066 = VECTOR('',#2067,1.);
#2067 = DIRECTION('',(0.707106781188,-0.707106781185,0.));
#2068 = ORIENTED_EDGE('',*,*,#2069,.T.);
#2069 = EDGE_CURVE('',#2062,#2070,#2072,.T.);
#2070 = VERTEX_POINT('',#2071);
#2071 = CARTESIAN_POINT('',(-41.34,-28.58,3.));
#2072 = LINE('',#2073,#2074);
#2073 = CARTESIAN_POINT('',(-41.34,-28.58,0.));
#2074 = VECTOR('',#2075,1.);
#2075 = DIRECTION('',(0.,0.,1.));
#2076 = ORIENTED_EDGE('',*,*,#2077,.T.);
#2077 = EDGE_CURVE('',#2070,#1521,#2078,.T.);
#2078 = LINE('',#2079,#2080);
#2079 = CARTESIAN_POINT('',(-41.34,-28.58,3.));
#2080 = VECTOR('',#2081,1.);
#2081 = DIRECTION('',(0.707106781188,-0.707106781185,0.));
#2082 = ORIENTED_EDGE('',*,*,#1528,.F.);
#2083 = PLANE('',#2084);
#2084 = AXIS2_PLACEMENT_3D('',#2085,#2086,#2087);
#2085 = CARTESIAN_POINT('',(-41.34,-28.58,0.));
#2086 = DIRECTION('',(0.707106781185,0.707106781188,0.));
#2087 = DIRECTION('',(0.707106781188,-0.707106781185,0.));
#2088 = ADVANCED_FACE('',(#2089),#2114,.T.);
#2089 = FACE_BOUND('',#2090,.T.);
#2090 = EDGE_LOOP('',(#2091,#2099,#2100,#2108));
#2091 = ORIENTED_EDGE('',*,*,#2092,.F.);
#2092 = EDGE_CURVE('',#2039,#2093,#2095,.T.);
#2093 = VERTEX_POINT('',#2094);
#2094 = CARTESIAN_POINT('',(-40.34,-34.33,0.));
#2095 = LINE('',#2096,#2097);
#2096 = CARTESIAN_POINT('',(-38.84,-34.33,0.));
#2097 = VECTOR('',#2098,1.);
#2098 = DIRECTION('',(-1.,0.,0.));
#2099 = ORIENTED_EDGE('',*,*,#2038,.T.);
#2100 = ORIENTED_EDGE('',*,*,#2101,.T.);
#2101 = EDGE_CURVE('',#2030,#2102,#2104,.T.);
#2102 = VERTEX_POINT('',#2103);
#2103 = CARTESIAN_POINT('',(-40.34,-34.33,3.));
#2104 = LINE('',#2105,#2106);
#2105 = CARTESIAN_POINT('',(-38.84,-34.33,3.));
#2106 = VECTOR('',#2107,1.);
#2107 = DIRECTION('',(-1.,0.,0.));
#2108 = ORIENTED_EDGE('',*,*,#2109,.F.);
#2109 = EDGE_CURVE('',#2093,#2102,#2110,.T.);
#2110 = LINE('',#2111,#2112);
#2111 = CARTESIAN_POINT('',(-40.34,-34.33,0.));
#2112 = VECTOR('',#2113,1.);
#2113 = DIRECTION('',(0.,0.,1.));
#2114 = PLANE('',#2115);
#2115 = AXIS2_PLACEMENT_3D('',#2116,#2117,#2118);
#2116 = CARTESIAN_POINT('',(-38.84,-34.33,0.));
#2117 = DIRECTION('',(0.,-1.,0.));
#2118 = DIRECTION('',(-1.,0.,0.));
#2119 = ADVANCED_FACE('',(#2120),#2145,.T.);
#2120 = FACE_BOUND('',#2121,.T.);
#2121 = EDGE_LOOP('',(#2122,#2130,#2138,#2144));
#2122 = ORIENTED_EDGE('',*,*,#2123,.F.);
#2123 = EDGE_CURVE('',#2124,#2062,#2126,.T.);
#2124 = VERTEX_POINT('',#2125);
#2125 = CARTESIAN_POINT('',(-41.34,-33.33,0.));
#2126 = LINE('',#2127,#2128);
#2127 = CARTESIAN_POINT('',(-41.34,-34.33,0.));
#2128 = VECTOR('',#2129,1.);
#2129 = DIRECTION('',(0.,1.,0.));
#2130 = ORIENTED_EDGE('',*,*,#2131,.T.);
#2131 = EDGE_CURVE('',#2124,#2132,#2134,.T.);
#2132 = VERTEX_POINT('',#2133);
#2133 = CARTESIAN_POINT('',(-41.34,-33.33,3.));
#2134 = LINE('',#2135,#2136);
#2135 = CARTESIAN_POINT('',(-41.34,-33.33,0.));
#2136 = VECTOR('',#2137,1.);
#2137 = DIRECTION('',(0.,0.,1.));
#2138 = ORIENTED_EDGE('',*,*,#2139,.T.);
#2139 = EDGE_CURVE('',#2132,#2070,#2140,.T.);
#2140 = LINE('',#2141,#2142);
#2141 = CARTESIAN_POINT('',(-41.34,-34.33,3.));
#2142 = VECTOR('',#2143,1.);
#2143 = DIRECTION('',(0.,1.,0.));
#2144 = ORIENTED_EDGE('',*,*,#2069,.F.);
#2145 = PLANE('',#2146);
#2146 = AXIS2_PLACEMENT_3D('',#2147,#2148,#2149);
#2147 = CARTESIAN_POINT('',(-41.34,-34.33,0.));
#2148 = DIRECTION('',(-1.,0.,0.));
#2149 = DIRECTION('',(0.,1.,0.));
#2150 = ADVANCED_FACE('',(#2151),#2169,.T.);
#2151 = FACE_BOUND('',#2152,.F.);
#2152 = EDGE_LOOP('',(#2153,#2160,#2161,#2168));
#2153 = ORIENTED_EDGE('',*,*,#2154,.T.);
#2154 = EDGE_CURVE('',#2093,#2124,#2155,.T.);
#2155 = CIRCLE('',#2156,1.);
#2156 = AXIS2_PLACEMENT_3D('',#2157,#2158,#2159);
#2157 = CARTESIAN_POINT('',(-40.34,-33.33,0.));
#2158 = DIRECTION('',(-0.,-0.,-1.));
#2159 = DIRECTION('',(0.,-1.,0.));
#2160 = ORIENTED_EDGE('',*,*,#2131,.T.);
#2161 = ORIENTED_EDGE('',*,*,#2162,.F.);
#2162 = EDGE_CURVE('',#2102,#2132,#2163,.T.);
#2163 = CIRCLE('',#2164,1.);
#2164 = AXIS2_PLACEMENT_3D('',#2165,#2166,#2167);
#2165 = CARTESIAN_POINT('',(-40.34,-33.33,3.));
#2166 = DIRECTION('',(-0.,-0.,-1.));
#2167 = DIRECTION('',(0.,-1.,0.));
#2168 = ORIENTED_EDGE('',*,*,#2109,.F.);
#2169 = CYLINDRICAL_SURFACE('',#2170,1.);
#2170 = AXIS2_PLACEMENT_3D('',#2171,#2172,#2173);
#2171 = CARTESIAN_POINT('',(-40.34,-33.33,0.));
#2172 = DIRECTION('',(0.,0.,1.));
#2173 = DIRECTION('',(0.,-1.,0.));
#2174 = ADVANCED_FACE('',(#2175),#2200,.T.);
#2175 = FACE_BOUND('',#2176,.T.);
#2176 = EDGE_LOOP('',(#2177,#2185,#2186,#2194));
#2177 = ORIENTED_EDGE('',*,*,#2178,.F.);
#2178 = EDGE_CURVE('',#1567,#2179,#2181,.T.);
#2179 = VERTEX_POINT('',#2180);
#2180 = CARTESIAN_POINT('',(-41.34,28.575,0.));
#2181 = LINE('',#2182,#2183);
#2182 = CARTESIAN_POINT('',(-34.925,34.99,0.));
#2183 = VECTOR('',#2184,1.);
#2184 = DIRECTION('',(-0.707106781187,-0.707106781187,0.));
#2185 = ORIENTED_EDGE('',*,*,#1575,.T.);
#2186 = ORIENTED_EDGE('',*,*,#2187,.T.);
#2187 = EDGE_CURVE('',#1576,#2188,#2190,.T.);
#2188 = VERTEX_POINT('',#2189);
#2189 = CARTESIAN_POINT('',(-41.34,28.575,3.));
#2190 = LINE('',#2191,#2192);
#2191 = CARTESIAN_POINT('',(-34.925,34.99,3.));
#2192 = VECTOR('',#2193,1.);
#2193 = DIRECTION('',(-0.707106781187,-0.707106781187,0.));
#2194 = ORIENTED_EDGE('',*,*,#2195,.F.);
#2195 = EDGE_CURVE('',#2179,#2188,#2196,.T.);
#2196 = LINE('',#2197,#2198);
#2197 = CARTESIAN_POINT('',(-41.34,28.575,0.));
#2198 = VECTOR('',#2199,1.);
#2199 = DIRECTION('',(0.,0.,1.));
#2200 = PLANE('',#2201);
#2201 = AXIS2_PLACEMENT_3D('',#2202,#2203,#2204);
#2202 = CARTESIAN_POINT('',(-34.925,34.99,0.));
#2203 = DIRECTION('',(0.707106781187,-0.707106781187,0.));
#2204 = DIRECTION('',(-0.707106781187,-0.707106781187,0.));
#2205 = ADVANCED_FACE('',(#2206),#2217,.T.);
#2206 = FACE_BOUND('',#2207,.T.);
#2207 = EDGE_LOOP('',(#2208,#2214,#2215,#2216));
#2208 = ORIENTED_EDGE('',*,*,#2209,.T.);
#2209 = EDGE_CURVE('',#1451,#1576,#2210,.T.);
#2210 = LINE('',#2211,#2212);
#2211 = CARTESIAN_POINT('',(-34.925,34.99,3.));
#2212 = VECTOR('',#2213,1.);
#2213 = DIRECTION('',(-0.707106781187,-0.707106781187,0.));
#2214 = ORIENTED_EDGE('',*,*,#1583,.T.);
#2215 = ORIENTED_EDGE('',*,*,#780,.T.);
#2216 = ORIENTED_EDGE('',*,*,#1450,.F.);
#2217 = PLANE('',#2218);
#2218 = AXIS2_PLACEMENT_3D('',#2219,#2220,#2221);
#2219 = CARTESIAN_POINT('',(-41.34,28.575,0.));
#2220 = DIRECTION('',(-0.707106781187,0.707106781187,0.));
#2221 = DIRECTION('',(0.707106781187,0.707106781187,0.));
#2222 = ADVANCED_FACE('',(#2223),#2248,.T.);
#2223 = FACE_BOUND('',#2224,.T.);
#2224 = EDGE_LOOP('',(#2225,#2233,#2234,#2242));
#2225 = ORIENTED_EDGE('',*,*,#2226,.F.);
#2226 = EDGE_CURVE('',#2179,#2227,#2229,.T.);
#2227 = VERTEX_POINT('',#2228);
#2228 = CARTESIAN_POINT('',(-41.34,33.360786437627,0.));
#2229 = LINE('',#2230,#2231);
#2230 = CARTESIAN_POINT('',(-41.34,28.575,0.));
#2231 = VECTOR('',#2232,1.);
#2232 = DIRECTION('',(1.37E-15,1.,0.));
#2233 = ORIENTED_EDGE('',*,*,#2195,.T.);
#2234 = ORIENTED_EDGE('',*,*,#2235,.T.);
#2235 = EDGE_CURVE('',#2188,#2236,#2238,.T.);
#2236 = VERTEX_POINT('',#2237);
#2237 = CARTESIAN_POINT('',(-41.34,33.360786437627,3.));
#2238 = LINE('',#2239,#2240);
#2239 = CARTESIAN_POINT('',(-41.34,28.575,3.));
#2240 = VECTOR('',#2241,1.);
#2241 = DIRECTION('',(1.37E-15,1.,0.));
#2242 = ORIENTED_EDGE('',*,*,#2243,.F.);
#2243 = EDGE_CURVE('',#2227,#2236,#2244,.T.);
#2244 = LINE('',#2245,#2246);
#2245 = CARTESIAN_POINT('',(-41.34,33.360786437627,0.));
#2246 = VECTOR('',#2247,1.);
#2247 = DIRECTION('',(0.,0.,1.));
#2248 = PLANE('',#2249);
#2249 = AXIS2_PLACEMENT_3D('',#2250,#2251,#2252);
#2250 = CARTESIAN_POINT('',(-41.34,28.575,0.));
#2251 = DIRECTION('',(-1.,1.37E-15,0.));
#2252 = DIRECTION('',(1.37E-15,1.,0.));
#2253 = ADVANCED_FACE('',(#2254),#2281,.T.);
#2254 = FACE_BOUND('',#2255,.F.);
#2255 = EDGE_LOOP('',(#2256,#2265,#2273,#2280));
#2256 = ORIENTED_EDGE('',*,*,#2257,.T.);
#2257 = EDGE_CURVE('',#2227,#2258,#2260,.T.);
#2258 = VERTEX_POINT('',#2259);
#2259 = CARTESIAN_POINT('',(-41.04710678118,34.067893218813,0.));
#2260 = CIRCLE('',#2261,1.);
#2261 = AXIS2_PLACEMENT_3D('',#2262,#2263,#2264);
#2262 = CARTESIAN_POINT('',(-40.34,33.360786437627,0.));
#2263 = DIRECTION('',(-0.,-0.,-1.));
#2264 = DIRECTION('',(0.,-1.,0.));
#2265 = ORIENTED_EDGE('',*,*,#2266,.T.);
#2266 = EDGE_CURVE('',#2258,#2267,#2269,.T.);
#2267 = VERTEX_POINT('',#2268);
#2268 = CARTESIAN_POINT('',(-41.04710678118,34.067893218813,3.));
#2269 = LINE('',#2270,#2271);
#2270 = CARTESIAN_POINT('',(-41.04710678118,34.067893218813,0.));
#2271 = VECTOR('',#2272,1.);
#2272 = DIRECTION('',(0.,0.,1.));
#2273 = ORIENTED_EDGE('',*,*,#2274,.F.);
#2274 = EDGE_CURVE('',#2236,#2267,#2275,.T.);
#2275 = CIRCLE('',#2276,1.);
#2276 = AXIS2_PLACEMENT_3D('',#2277,#2278,#2279);
#2277 = CARTESIAN_POINT('',(-40.34,33.360786437627,3.));
#2278 = DIRECTION('',(-0.,-0.,-1.));
#2279 = DIRECTION('',(0.,-1.,0.));
#2280 = ORIENTED_EDGE('',*,*,#2243,.F.);
#2281 = CYLINDRICAL_SURFACE('',#2282,1.);
#2282 = AXIS2_PLACEMENT_3D('',#2283,#2284,#2285);
#2283 = CARTESIAN_POINT('',(-40.34,33.360786437627,0.));
#2284 = DIRECTION('',(0.,0.,1.));
#2285 = DIRECTION('',(-1.,1.37E-15,0.));
#2286 = ADVANCED_FACE('',(#2287),#2312,.T.);
#2287 = FACE_BOUND('',#2288,.T.);
#2288 = EDGE_LOOP('',(#2289,#2297,#2298,#2306));
#2289 = ORIENTED_EDGE('',*,*,#2290,.F.);
#2290 = EDGE_CURVE('',#2258,#2291,#2293,.T.);
#2291 = VERTEX_POINT('',#2292);
#2292 = CARTESIAN_POINT('',(-40.41789321881,34.697106781187,0.));
#2293 = LINE('',#2294,#2295);
#2294 = CARTESIAN_POINT('',(-41.34,33.775,0.));
#2295 = VECTOR('',#2296,1.);
#2296 = DIRECTION('',(0.707106781187,0.707106781187,0.));
#2297 = ORIENTED_EDGE('',*,*,#2266,.T.);
#2298 = ORIENTED_EDGE('',*,*,#2299,.T.);
#2299 = EDGE_CURVE('',#2267,#2300,#2302,.T.);
#2300 = VERTEX_POINT('',#2301);
#2301 = CARTESIAN_POINT('',(-40.41789321881,34.697106781187,3.));
#2302 = LINE('',#2303,#2304);
#2303 = CARTESIAN_POINT('',(-41.34,33.775,3.));
#2304 = VECTOR('',#2305,1.);
#2305 = DIRECTION('',(0.707106781187,0.707106781187,0.));
#2306 = ORIENTED_EDGE('',*,*,#2307,.F.);
#2307 = EDGE_CURVE('',#2291,#2300,#2308,.T.);
#2308 = LINE('',#2309,#2310);
#2309 = CARTESIAN_POINT('',(-40.41789321881,34.697106781187,0.));
#2310 = VECTOR('',#2311,1.);
#2311 = DIRECTION('',(0.,0.,1.));
#2312 = PLANE('',#2313);
#2313 = AXIS2_PLACEMENT_3D('',#2314,#2315,#2316);
#2314 = CARTESIAN_POINT('',(-41.34,33.775,0.));
#2315 = DIRECTION('',(-0.707106781187,0.707106781187,0.));
#2316 = DIRECTION('',(0.707106781187,0.707106781187,0.));
#2317 = ADVANCED_FACE('',(#2318),#2345,.T.);
#2318 = FACE_BOUND('',#2319,.F.);
#2319 = EDGE_LOOP('',(#2320,#2329,#2337,#2344));
#2320 = ORIENTED_EDGE('',*,*,#2321,.T.);
#2321 = EDGE_CURVE('',#2291,#2322,#2324,.T.);
#2322 = VERTEX_POINT('',#2323);
#2323 = CARTESIAN_POINT('',(-39.71078643762,34.99,0.));
#2324 = CIRCLE('',#2325,1.);
#2325 = AXIS2_PLACEMENT_3D('',#2326,#2327,#2328);
#2326 = CARTESIAN_POINT('',(-39.71078643762,33.99,0.));
#2327 = DIRECTION('',(-0.,-0.,-1.));
#2328 = DIRECTION('',(0.,-1.,0.));
#2329 = ORIENTED_EDGE('',*,*,#2330,.T.);
#2330 = EDGE_CURVE('',#2322,#2331,#2333,.T.);
#2331 = VERTEX_POINT('',#2332);
#2332 = CARTESIAN_POINT('',(-39.71078643762,34.99,3.));
#2333 = LINE('',#2334,#2335);
#2334 = CARTESIAN_POINT('',(-39.71078643762,34.99,0.));
#2335 = VECTOR('',#2336,1.);
#2336 = DIRECTION('',(0.,0.,1.));
#2337 = ORIENTED_EDGE('',*,*,#2338,.F.);
#2338 = EDGE_CURVE('',#2300,#2331,#2339,.T.);
#2339 = CIRCLE('',#2340,1.);
#2340 = AXIS2_PLACEMENT_3D('',#2341,#2342,#2343);
#2341 = CARTESIAN_POINT('',(-39.71078643762,33.99,3.));
#2342 = DIRECTION('',(-0.,-0.,-1.));
#2343 = DIRECTION('',(0.,-1.,0.));
#2344 = ORIENTED_EDGE('',*,*,#2307,.F.);
#2345 = CYLINDRICAL_SURFACE('',#2346,1.);
#2346 = AXIS2_PLACEMENT_3D('',#2347,#2348,#2349);
#2347 = CARTESIAN_POINT('',(-39.71078643762,33.99,0.));
#2348 = DIRECTION('',(0.,0.,1.));
#2349 = DIRECTION('',(-0.707106781187,0.707106781187,0.));
#2350 = ADVANCED_FACE('',(#2351),#2367,.T.);
#2351 = FACE_BOUND('',#2352,.T.);
#2352 = EDGE_LOOP('',(#2353,#2359,#2360,#2366));
#2353 = ORIENTED_EDGE('',*,*,#2354,.F.);
#2354 = EDGE_CURVE('',#2322,#1425,#2355,.T.);
#2355 = LINE('',#2356,#2357);
#2356 = CARTESIAN_POINT('',(-40.125,34.99,0.));
#2357 = VECTOR('',#2358,1.);
#2358 = DIRECTION('',(1.,0.,0.));
#2359 = ORIENTED_EDGE('',*,*,#2330,.T.);
#2360 = ORIENTED_EDGE('',*,*,#2361,.T.);
#2361 = EDGE_CURVE('',#2331,#1427,#2362,.T.);
#2362 = LINE('',#2363,#2364);
#2363 = CARTESIAN_POINT('',(-40.125,34.99,3.));
#2364 = VECTOR('',#2365,1.);
#2365 = DIRECTION('',(1.,0.,0.));
#2366 = ORIENTED_EDGE('',*,*,#1424,.F.);
#2367 = PLANE('',#2368);
#2368 = AXIS2_PLACEMENT_3D('',#2369,#2370,#2371);
#2369 = CARTESIAN_POINT('',(-40.125,34.99,0.));
#2370 = DIRECTION('',(0.,1.,0.));
#2371 = DIRECTION('',(1.,0.,0.));
#2372 = ADVANCED_FACE('',(#2373),#2383,.T.);
#2373 = FACE_BOUND('',#2374,.T.);
#2374 = EDGE_LOOP('',(#2375,#2376,#2377,#2378,#2379,#2380,#2381,#2382));
#2375 = ORIENTED_EDGE('',*,*,#2235,.F.);
#2376 = ORIENTED_EDGE('',*,*,#2187,.F.);
#2377 = ORIENTED_EDGE('',*,*,#2209,.F.);
#2378 = ORIENTED_EDGE('',*,*,#1458,.T.);
#2379 = ORIENTED_EDGE('',*,*,#2361,.F.);
#2380 = ORIENTED_EDGE('',*,*,#2338,.F.);
#2381 = ORIENTED_EDGE('',*,*,#2299,.F.);
#2382 = ORIENTED_EDGE('',*,*,#2274,.F.);
#2383 = PLANE('',#2384);
#2384 = AXIS2_PLACEMENT_3D('',#2385,#2386,#2387);
#2385 = CARTESIAN_POINT('',(-36.88100097768,-12.69358642865,3.));
#2386 = DIRECTION('',(0.,0.,1.));
#2387 = DIRECTION('',(1.,0.,0.));
#2388 = ADVANCED_FACE('',(#2389),#2400,.T.);
#2389 = FACE_BOUND('',#2390,.F.);
#2390 = EDGE_LOOP('',(#2391,#2392,#2393,#2399));
#2391 = ORIENTED_EDGE('',*,*,#529,.F.);
#2392 = ORIENTED_EDGE('',*,*,#457,.T.);
#2393 = ORIENTED_EDGE('',*,*,#2394,.T.);
#2394 = EDGE_CURVE('',#434,#728,#2395,.T.);
#2395 = LINE('',#2396,#2397);
#2396 = CARTESIAN_POINT('',(29.415,23.23,4.75));
#2397 = VECTOR('',#2398,1.);
#2398 = DIRECTION('',(0.707106781187,0.,0.707106781187));
#2399 = ORIENTED_EDGE('',*,*,#736,.F.);
#2400 = PLANE('',#2401);
#2401 = AXIS2_PLACEMENT_3D('',#2402,#2403,#2404);
#2402 = CARTESIAN_POINT('',(29.415,-20.5725,4.75));
#2403 = DIRECTION('',(-0.707106781187,0.,0.707106781187));
#2404 = DIRECTION('',(-0.,-1.,-0.));
#2405 = ADVANCED_FACE('',(#2406),#2417,.F.);
#2406 = FACE_BOUND('',#2407,.F.);
#2407 = EDGE_LOOP('',(#2408,#2409,#2410,#2416));
#2408 = ORIENTED_EDGE('',*,*,#2394,.F.);
#2409 = ORIENTED_EDGE('',*,*,#489,.T.);
#2410 = ORIENTED_EDGE('',*,*,#2411,.T.);
#2411 = EDGE_CURVE('',#482,#720,#2412,.T.);
#2412 = LINE('',#2413,#2414);
#2413 = CARTESIAN_POINT('',(24.665,25.23,2.));
#2414 = VECTOR('',#2415,1.);
#2415 = DIRECTION('',(4.E-17,0.707106781187,0.707106781187));
#2416 = ORIENTED_EDGE('',*,*,#727,.F.);
#2417 = CONICAL_SURFACE('',#2418,2.,0.785398163397);
#2418 = AXIS2_PLACEMENT_3D('',#2419,#2420,#2421);
#2419 = CARTESIAN_POINT('',(24.665,23.23,2.));
#2420 = DIRECTION('',(0.,0.,1.));
#2421 = DIRECTION('',(1.,0.,0.));
#2422 = ADVANCED_FACE('',(#2423),#2434,.T.);
#2423 = FACE_BOUND('',#2424,.F.);
#2424 = EDGE_LOOP('',(#2425,#2426,#2427,#2433));
#2425 = ORIENTED_EDGE('',*,*,#2411,.F.);
#2426 = ORIENTED_EDGE('',*,*,#544,.T.);
#2427 = ORIENTED_EDGE('',*,*,#2428,.T.);
#2428 = EDGE_CURVE('',#545,#711,#2429,.T.);
#2429 = LINE('',#2430,#2431);
#2430 = CARTESIAN_POINT('',(-24.665,27.98,4.75));
#2431 = VECTOR('',#2432,1.);
#2432 = DIRECTION('',(0.,0.707106781187,0.707106781187));
#2433 = ORIENTED_EDGE('',*,*,#719,.F.);
#2434 = PLANE('',#2435);
#2435 = AXIS2_PLACEMENT_3D('',#2436,#2437,#2438);
#2436 = CARTESIAN_POINT('',(24.665,27.98,4.75));
#2437 = DIRECTION('',(0.,-0.707106781187,0.707106781187));
#2438 = DIRECTION('',(1.,0.,0.));
#2439 = ADVANCED_FACE('',(#2440),#2451,.F.);
#2440 = FACE_BOUND('',#2441,.F.);
#2441 = EDGE_LOOP('',(#2442,#2443,#2444,#2450));
#2442 = ORIENTED_EDGE('',*,*,#2428,.F.);
#2443 = ORIENTED_EDGE('',*,*,#623,.T.);
#2444 = ORIENTED_EDGE('',*,*,#2445,.T.);
#2445 = EDGE_CURVE('',#616,#703,#2446,.T.);
#2446 = LINE('',#2447,#2448);
#2447 = CARTESIAN_POINT('',(-26.665,23.23,2.));
#2448 = VECTOR('',#2449,1.);
#2449 = DIRECTION('',(-0.707106781187,4.E-17,0.707106781187));
#2450 = ORIENTED_EDGE('',*,*,#710,.F.);
#2451 = CONICAL_SURFACE('',#2452,2.,0.785398163397);
#2452 = AXIS2_PLACEMENT_3D('',#2453,#2454,#2455);
#2453 = CARTESIAN_POINT('',(-24.665,23.23,2.));
#2454 = DIRECTION('',(0.,0.,1.));
#2455 = DIRECTION('',(0.,1.,0.));
#2456 = ADVANCED_FACE('',(#2457),#2463,.T.);
#2457 = FACE_BOUND('',#2458,.F.);
#2458 = EDGE_LOOP('',(#2459,#2460,#2461,#2462));
#2459 = ORIENTED_EDGE('',*,*,#2445,.F.);
#2460 = ORIENTED_EDGE('',*,*,#678,.T.);
#2461 = ORIENTED_EDGE('',*,*,#648,.T.);
#2462 = ORIENTED_EDGE('',*,*,#702,.F.);
#2463 = PLANE('',#2464);
#2464 = AXIS2_PLACEMENT_3D('',#2465,#2466,#2467);
#2465 = CARTESIAN_POINT('',(-29.415,23.23,4.75));
#2466 = DIRECTION('',(0.707106781187,0.,0.707106781187));
#2467 = DIRECTION('',(0.,1.,0.));
#2468 = ADVANCED_FACE('',(#2469),#2494,.T.);
#2469 = FACE_BOUND('',#2470,.T.);
#2470 = EDGE_LOOP('',(#2471,#2481,#2487,#2488));
#2471 = ORIENTED_EDGE('',*,*,#2472,.F.);
#2472 = EDGE_CURVE('',#2473,#2475,#2477,.T.);
#2473 = VERTEX_POINT('',#2474);
#2474 = CARTESIAN_POINT('',(-4.5,-31.34,7.));
#2475 = VERTEX_POINT('',#2476);
#2476 = CARTESIAN_POINT('',(-4.5,-38.34,7.));
#2477 = LINE('',#2478,#2479);
#2478 = CARTESIAN_POINT('',(-4.5,-27.0756258018,7.));
#2479 = VECTOR('',#2480,1.);
#2480 = DIRECTION('',(0.,-1.,0.));
#2481 = ORIENTED_EDGE('',*,*,#2482,.T.);
#2482 = EDGE_CURVE('',#2473,#917,#2483,.T.);
#2483 = LINE('',#2484,#2485);
#2484 = CARTESIAN_POINT('',(-4.5,-31.34,0.));
#2485 = VECTOR('',#2486,1.);
#2486 = DIRECTION('',(0.,0.,1.));
#2487 = ORIENTED_EDGE('',*,*,#916,.T.);
#2488 = ORIENTED_EDGE('',*,*,#2489,.F.);
#2489 = EDGE_CURVE('',#2475,#919,#2490,.T.);
#2490 = LINE('',#2491,#2492);
#2491 = CARTESIAN_POINT('',(-4.5,-38.34,0.));
#2492 = VECTOR('',#2493,1.);
#2493 = DIRECTION('',(0.,0.,1.));
#2494 = PLANE('',#2495);
#2495 = AXIS2_PLACEMENT_3D('',#2496,#2497,#2498);
#2496 = CARTESIAN_POINT('',(-4.5,-31.34,0.));
#2497 = DIRECTION('',(1.,0.,0.));
#2498 = DIRECTION('',(0.,-1.,0.));
#2499 = ADVANCED_FACE('',(#2500),#2518,.T.);
#2500 = FACE_BOUND('',#2501,.T.);
#2501 = EDGE_LOOP('',(#2502,#2510,#2511,#2512));
#2502 = ORIENTED_EDGE('',*,*,#2503,.F.);
#2503 = EDGE_CURVE('',#2475,#2504,#2506,.T.);
#2504 = VERTEX_POINT('',#2505);
#2505 = CARTESIAN_POINT('',(4.5,-38.34,7.));
#2506 = LINE('',#2507,#2508);
#2507 = CARTESIAN_POINT('',(-2.25,-38.34,7.));
#2508 = VECTOR('',#2509,1.);
#2509 = DIRECTION('',(1.,0.,0.));
#2510 = ORIENTED_EDGE('',*,*,#2489,.T.);
#2511 = ORIENTED_EDGE('',*,*,#926,.T.);
#2512 = ORIENTED_EDGE('',*,*,#2513,.F.);
#2513 = EDGE_CURVE('',#2504,#927,#2514,.T.);
#2514 = LINE('',#2515,#2516);
#2515 = CARTESIAN_POINT('',(4.5,-38.34,0.));
#2516 = VECTOR('',#2517,1.);
#2517 = DIRECTION('',(0.,0.,1.));
#2518 = PLANE('',#2519);
#2519 = AXIS2_PLACEMENT_3D('',#2520,#2521,#2522);
#2520 = CARTESIAN_POINT('',(-4.5,-38.34,0.));
#2521 = DIRECTION('',(0.,1.,0.));
#2522 = DIRECTION('',(1.,0.,0.));
#2523 = ADVANCED_FACE('',(#2524),#2542,.T.);
#2524 = FACE_BOUND('',#2525,.T.);
#2525 = EDGE_LOOP('',(#2526,#2534,#2535,#2536));
#2526 = ORIENTED_EDGE('',*,*,#2527,.F.);
#2527 = EDGE_CURVE('',#2504,#2528,#2530,.T.);
#2528 = VERTEX_POINT('',#2529);
#2529 = CARTESIAN_POINT('',(4.5,-31.34,7.));
#2530 = LINE('',#2531,#2532);
#2531 = CARTESIAN_POINT('',(4.5,-30.5756258018,7.));
#2532 = VECTOR('',#2533,1.);
#2533 = DIRECTION('',(0.,1.,0.));
#2534 = ORIENTED_EDGE('',*,*,#2513,.T.);
#2535 = ORIENTED_EDGE('',*,*,#934,.T.);
#2536 = ORIENTED_EDGE('',*,*,#2537,.F.);
#2537 = EDGE_CURVE('',#2528,#935,#2538,.T.);
#2538 = LINE('',#2539,#2540);
#2539 = CARTESIAN_POINT('',(4.5,-31.34,0.));
#2540 = VECTOR('',#2541,1.);
#2541 = DIRECTION('',(0.,0.,1.));
#2542 = PLANE('',#2543);
#2543 = AXIS2_PLACEMENT_3D('',#2544,#2545,#2546);
#2544 = CARTESIAN_POINT('',(4.5,-38.34,0.));
#2545 = DIRECTION('',(-1.,0.,0.));
#2546 = DIRECTION('',(0.,1.,0.));
#2547 = ADVANCED_FACE('',(#2548),#2559,.T.);
#2548 = FACE_BOUND('',#2549,.T.);
#2549 = EDGE_LOOP('',(#2550,#2556,#2557,#2558));
#2550 = ORIENTED_EDGE('',*,*,#2551,.F.);
#2551 = EDGE_CURVE('',#2528,#2473,#2552,.T.);
#2552 = LINE('',#2553,#2554);
#2553 = CARTESIAN_POINT('',(2.25,-31.34,7.));
#2554 = VECTOR('',#2555,1.);
#2555 = DIRECTION('',(-1.,0.,0.));
#2556 = ORIENTED_EDGE('',*,*,#2537,.T.);
#2557 = ORIENTED_EDGE('',*,*,#942,.T.);
#2558 = ORIENTED_EDGE('',*,*,#2482,.F.);
#2559 = PLANE('',#2560);
#2560 = AXIS2_PLACEMENT_3D('',#2561,#2562,#2563);
#2561 = CARTESIAN_POINT('',(4.5,-31.34,0.));
#2562 = DIRECTION('',(0.,-1.,0.));
#2563 = DIRECTION('',(-1.,0.,0.));
#2564 = ADVANCED_FACE('',(#2565),#2584,.F.);
#2565 = FACE_BOUND('',#2566,.T.);
#2566 = EDGE_LOOP('',(#2567,#2576,#2582,#2583));
#2567 = ORIENTED_EDGE('',*,*,#2568,.T.);
#2568 = EDGE_CURVE('',#2569,#2569,#2571,.T.);
#2569 = VERTEX_POINT('',#2570);
#2570 = CARTESIAN_POINT('',(32.65875,-29.67,7.));
#2571 = CIRCLE('',#2572,3.75);
#2572 = AXIS2_PLACEMENT_3D('',#2573,#2574,#2575);
#2573 = CARTESIAN_POINT('',(28.90875,-29.67,7.));
#2574 = DIRECTION('',(0.,0.,-1.));
#2575 = DIRECTION('',(1.,0.,0.));
#2576 = ORIENTED_EDGE('',*,*,#2577,.T.);
#2577 = EDGE_CURVE('',#2569,#951,#2578,.T.);
#2578 = LINE('',#2579,#2580);
#2579 = CARTESIAN_POINT('',(32.65875,-29.67,0.));
#2580 = VECTOR('',#2581,1.);
#2581 = DIRECTION('',(0.,0.,1.));
#2582 = ORIENTED_EDGE('',*,*,#950,.T.);
#2583 = ORIENTED_EDGE('',*,*,#2577,.F.);
#2584 = CYLINDRICAL_SURFACE('',#2585,3.75);
#2585 = AXIS2_PLACEMENT_3D('',#2586,#2587,#2588);
#2586 = CARTESIAN_POINT('',(28.90875,-29.67,0.));
#2587 = DIRECTION('',(-0.,-0.,-1.));
#2588 = DIRECTION('',(1.,0.,0.));
#2589 = ADVANCED_FACE('',(#2590),#2609,.F.);
#2590 = FACE_BOUND('',#2591,.T.);
#2591 = EDGE_LOOP('',(#2592,#2601,#2607,#2608));
#2592 = ORIENTED_EDGE('',*,*,#2593,.T.);
#2593 = EDGE_CURVE('',#2594,#2594,#2596,.T.);
#2594 = VERTEX_POINT('',#2595);
#2595 = CARTESIAN_POINT('',(-25.15875,-29.67,7.));
#2596 = CIRCLE('',#2597,3.75);
#2597 = AXIS2_PLACEMENT_3D('',#2598,#2599,#2600);
#2598 = CARTESIAN_POINT('',(-28.90875,-29.67,7.));
#2599 = DIRECTION('',(0.,0.,-1.));
#2600 = DIRECTION('',(1.,0.,0.));
#2601 = ORIENTED_EDGE('',*,*,#2602,.T.);
#2602 = EDGE_CURVE('',#2594,#962,#2603,.T.);
#2603 = LINE('',#2604,#2605);
#2604 = CARTESIAN_POINT('',(-25.15875,-29.67,0.));
#2605 = VECTOR('',#2606,1.);
#2606 = DIRECTION('',(0.,0.,1.));
#2607 = ORIENTED_EDGE('',*,*,#961,.T.);
#2608 = ORIENTED_EDGE('',*,*,#2602,.F.);
#2609 = CYLINDRICAL_SURFACE('',#2610,3.75);
#2610 = AXIS2_PLACEMENT_3D('',#2611,#2612,#2613);
#2611 = CARTESIAN_POINT('',(-28.90875,-29.67,0.));
#2612 = DIRECTION('',(-0.,-0.,-1.));
#2613 = DIRECTION('',(1.,0.,0.));
#2614 = ADVANCED_FACE('',(#2615),#2627,.T.);
#2615 = FACE_BOUND('',#2616,.F.);
#2616 = EDGE_LOOP('',(#2617,#2618,#2619,#2620,#2621,#2622,#2623,#2624,
    #2625,#2626));
#2617 = ORIENTED_EDGE('',*,*,#345,.F.);
#2618 = ORIENTED_EDGE('',*,*,#416,.F.);
#2619 = ORIENTED_EDGE('',*,*,#1718,.F.);
#2620 = ORIENTED_EDGE('',*,*,#1703,.F.);
#2621 = ORIENTED_EDGE('',*,*,#1846,.F.);
#2622 = ORIENTED_EDGE('',*,*,#1869,.F.);
#2623 = ORIENTED_EDGE('',*,*,#1808,.F.);
#2624 = ORIENTED_EDGE('',*,*,#1767,.F.);
#2625 = ORIENTED_EDGE('',*,*,#1744,.F.);
#2626 = ORIENTED_EDGE('',*,*,#384,.F.);
#2627 = PLANE('',#2628);
#2628 = AXIS2_PLACEMENT_3D('',#2629,#2630,#2631);
#2629 = CARTESIAN_POINT('',(36.881000977686,-12.69358642865,3.));
#2630 = DIRECTION('',(0.,0.,1.));
#2631 = DIRECTION('',(1.,0.,0.));
#2632 = ADVANCED_FACE('',(#2633),#2645,.T.);
#2633 = FACE_BOUND('',#2634,.T.);
#2634 = EDGE_LOOP('',(#2635,#2636,#2637,#2638,#2639,#2640,#2641,#2642,
    #2643,#2644));
#2635 = ORIENTED_EDGE('',*,*,#1942,.F.);
#2636 = ORIENTED_EDGE('',*,*,#1894,.F.);
#2637 = ORIENTED_EDGE('',*,*,#1916,.F.);
#2638 = ORIENTED_EDGE('',*,*,#2077,.F.);
#2639 = ORIENTED_EDGE('',*,*,#2139,.F.);
#2640 = ORIENTED_EDGE('',*,*,#2162,.F.);
#2641 = ORIENTED_EDGE('',*,*,#2101,.F.);
#2642 = ORIENTED_EDGE('',*,*,#2029,.F.);
#2643 = ORIENTED_EDGE('',*,*,#2006,.F.);
#2644 = ORIENTED_EDGE('',*,*,#1981,.F.);
#2645 = PLANE('',#2646);
#2646 = AXIS2_PLACEMENT_3D('',#2647,#2648,#2649);
#2647 = CARTESIAN_POINT('',(-36.88100097768,-12.69358642865,3.));
#2648 = DIRECTION('',(0.,0.,1.));
#2649 = DIRECTION('',(1.,0.,0.));
#2650 = ADVANCED_FACE('',(#2651,#2708),#2711,.F.);
#2651 = FACE_BOUND('',#2652,.F.);
#2652 = EDGE_LOOP('',(#2653,#2661,#2669,#2677,#2685,#2693,#2701,#2707));
#2653 = ORIENTED_EDGE('',*,*,#2654,.T.);
#2654 = EDGE_CURVE('',#298,#2655,#2657,.T.);
#2655 = VERTEX_POINT('',#2656);
#2656 = CARTESIAN_POINT('',(-19.46421356237,-29.1875,7.));
#2657 = LINE('',#2658,#2659);
#2658 = CARTESIAN_POINT('',(-15.46421356237,-29.1875,7.));
#2659 = VECTOR('',#2660,1.);
#2660 = DIRECTION('',(-1.,0.,0.));
#2661 = ORIENTED_EDGE('',*,*,#2662,.T.);
#2662 = EDGE_CURVE('',#2655,#2663,#2665,.T.);
#2663 = VERTEX_POINT('',#2664);
#2664 = CARTESIAN_POINT('',(-32.165,-16.48671356241,7.));
#2665 = LINE('',#2666,#2667);
#2666 = CARTESIAN_POINT('',(-19.46421356237,-29.1875,7.));
#2667 = VECTOR('',#2668,1.);
#2668 = DIRECTION('',(-0.707106781188,0.707106781185,0.));
#2669 = ORIENTED_EDGE('',*,*,#2670,.T.);
#2670 = EDGE_CURVE('',#2663,#2671,#2673,.T.);
#2671 = VERTEX_POINT('',#2672);
#2672 = CARTESIAN_POINT('',(-32.165,-7.165786437626,7.));
#2673 = LINE('',#2674,#2675);
#2674 = CARTESIAN_POINT('',(-32.165,-16.48671356241,7.));
#2675 = VECTOR('',#2676,1.);
#2676 = DIRECTION('',(0.,1.,0.));
#2677 = ORIENTED_EDGE('',*,*,#2678,.T.);
#2678 = EDGE_CURVE('',#2671,#2679,#2681,.T.);
#2679 = VERTEX_POINT('',#2680);
#2680 = CARTESIAN_POINT('',(-40.34,-7.165786437626,7.));
#2681 = LINE('',#2682,#2683);
#2682 = CARTESIAN_POINT('',(-32.165,-7.165786437626,7.));
#2683 = VECTOR('',#2684,1.);
#2684 = DIRECTION('',(-1.,0.,0.));
#2685 = ORIENTED_EDGE('',*,*,#2686,.T.);
#2686 = EDGE_CURVE('',#2679,#2687,#2689,.T.);
#2687 = VERTEX_POINT('',#2688);
#2688 = CARTESIAN_POINT('',(-40.34,-28.16578643762,7.));
#2689 = LINE('',#2690,#2691);
#2690 = CARTESIAN_POINT('',(-40.34,-7.165786437626,7.));
#2691 = VECTOR('',#2692,1.);
#2692 = DIRECTION('',(0.,-1.,0.));
#2693 = ORIENTED_EDGE('',*,*,#2694,.T.);
#2694 = EDGE_CURVE('',#2687,#2695,#2697,.T.);
#2695 = VERTEX_POINT('',#2696);
#2696 = CARTESIAN_POINT('',(-28.16578643758,-40.34,7.));
#2697 = LINE('',#2698,#2699);
#2698 = CARTESIAN_POINT('',(-40.34,-28.16578643762,7.));
#2699 = VECTOR('',#2700,1.);
#2700 = DIRECTION('',(0.707106781188,-0.707106781185,0.));
#2701 = ORIENTED_EDGE('',*,*,#2702,.T.);
#2702 = EDGE_CURVE('',#2695,#306,#2703,.T.);
#2703 = LINE('',#2704,#2705);
#2704 = CARTESIAN_POINT('',(-28.16578643758,-40.34,7.));
#2705 = VECTOR('',#2706,1.);
#2706 = DIRECTION('',(1.,0.,0.));
#2707 = ORIENTED_EDGE('',*,*,#305,.F.);
#2708 = FACE_BOUND('',#2709,.F.);
#2709 = EDGE_LOOP('',(#2710));
#2710 = ORIENTED_EDGE('',*,*,#2593,.T.);
#2711 = PLANE('',#2712);
#2712 = AXIS2_PLACEMENT_3D('',#2713,#2714,#2715);
#2713 = CARTESIAN_POINT('',(2.18E-15,-22.8112516036,7.));
#2714 = DIRECTION('',(0.,0.,1.));
#2715 = DIRECTION('',(1.,0.,0.));
#2716 = ADVANCED_FACE('',(#2717),#2742,.T.);
#2717 = FACE_BOUND('',#2718,.T.);
#2718 = EDGE_LOOP('',(#2719,#2720,#2728,#2736));
#2719 = ORIENTED_EDGE('',*,*,#282,.T.);
#2720 = ORIENTED_EDGE('',*,*,#2721,.T.);
#2721 = EDGE_CURVE('',#259,#2722,#2724,.T.);
#2722 = VERTEX_POINT('',#2723);
#2723 = CARTESIAN_POINT('',(-10.46421356237,-29.1875,7.));
#2724 = LINE('',#2725,#2726);
#2725 = CARTESIAN_POINT('',(-10.46421356237,-29.1875,0.));
#2726 = VECTOR('',#2727,1.);
#2727 = DIRECTION('',(0.,0.,1.));
#2728 = ORIENTED_EDGE('',*,*,#2729,.T.);
#2729 = EDGE_CURVE('',#2722,#2730,#2732,.T.);
#2730 = VERTEX_POINT('',#2731);
#2731 = CARTESIAN_POINT('',(-10.46421356237,-40.34,7.));
#2732 = LINE('',#2733,#2734);
#2733 = CARTESIAN_POINT('',(-10.46421356237,-29.1875,7.));
#2734 = VECTOR('',#2735,1.);
#2735 = DIRECTION('',(0.,-1.,0.));
#2736 = ORIENTED_EDGE('',*,*,#2737,.F.);
#2737 = EDGE_CURVE('',#275,#2730,#2738,.T.);
#2738 = LINE('',#2739,#2740);
#2739 = CARTESIAN_POINT('',(-10.46421356237,-40.34,0.));
#2740 = VECTOR('',#2741,1.);
#2741 = DIRECTION('',(0.,0.,1.));
#2742 = PLANE('',#2743);
#2743 = AXIS2_PLACEMENT_3D('',#2744,#2745,#2746);
#2744 = CARTESIAN_POINT('',(-10.46421356237,-29.1875,0.));
#2745 = DIRECTION('',(1.,0.,0.));
#2746 = DIRECTION('',(0.,-1.,0.));
#2747 = ADVANCED_FACE('',(#2748,#2764),#2770,.F.);
#2748 = FACE_BOUND('',#2749,.F.);
#2749 = EDGE_LOOP('',(#2750,#2751,#2757,#2758));
#2750 = ORIENTED_EDGE('',*,*,#2729,.T.);
#2751 = ORIENTED_EDGE('',*,*,#2752,.T.);
#2752 = EDGE_CURVE('',#2730,#227,#2753,.T.);
#2753 = LINE('',#2754,#2755);
#2754 = CARTESIAN_POINT('',(-10.46421356237,-40.34,7.));
#2755 = VECTOR('',#2756,1.);
#2756 = DIRECTION('',(1.,0.,0.));
#2757 = ORIENTED_EDGE('',*,*,#234,.T.);
#2758 = ORIENTED_EDGE('',*,*,#2759,.T.);
#2759 = EDGE_CURVE('',#235,#2722,#2760,.T.);
#2760 = LINE('',#2761,#2762);
#2761 = CARTESIAN_POINT('',(10.464213562373,-29.1875,7.));
#2762 = VECTOR('',#2763,1.);
#2763 = DIRECTION('',(-1.,0.,0.));
#2764 = FACE_BOUND('',#2765,.F.);
#2765 = EDGE_LOOP('',(#2766,#2767,#2768,#2769));
#2766 = ORIENTED_EDGE('',*,*,#2472,.F.);
#2767 = ORIENTED_EDGE('',*,*,#2551,.F.);
#2768 = ORIENTED_EDGE('',*,*,#2527,.F.);
#2769 = ORIENTED_EDGE('',*,*,#2503,.F.);
#2770 = PLANE('',#2771);
#2771 = AXIS2_PLACEMENT_3D('',#2772,#2773,#2774);
#2772 = CARTESIAN_POINT('',(2.18E-15,-22.8112516036,7.));
#2773 = DIRECTION('',(0.,0.,1.));
#2774 = DIRECTION('',(1.,0.,0.));
#2775 = ADVANCED_FACE('',(#2776),#2801,.F.);
#2776 = FACE_BOUND('',#2777,.F.);
#2777 = EDGE_LOOP('',(#2778,#2779,#2787,#2795));
#2778 = ORIENTED_EDGE('',*,*,#211,.T.);
#2779 = ORIENTED_EDGE('',*,*,#2780,.T.);
#2780 = EDGE_CURVE('',#204,#2781,#2783,.T.);
#2781 = VERTEX_POINT('',#2782);
#2782 = CARTESIAN_POINT('',(15.464213562373,-40.34,7.));
#2783 = LINE('',#2784,#2785);
#2784 = CARTESIAN_POINT('',(15.464213562373,-40.34,0.));
#2785 = VECTOR('',#2786,1.);
#2786 = DIRECTION('',(0.,0.,1.));
#2787 = ORIENTED_EDGE('',*,*,#2788,.T.);
#2788 = EDGE_CURVE('',#2781,#2789,#2791,.T.);
#2789 = VERTEX_POINT('',#2790);
#2790 = CARTESIAN_POINT('',(15.464213562373,-29.1875,7.));
#2791 = LINE('',#2792,#2793);
#2792 = CARTESIAN_POINT('',(15.464213562373,-40.34,7.));
#2793 = VECTOR('',#2794,1.);
#2794 = DIRECTION('',(0.,1.,0.));
#2795 = ORIENTED_EDGE('',*,*,#2796,.F.);
#2796 = EDGE_CURVE('',#188,#2789,#2797,.T.);
#2797 = LINE('',#2798,#2799);
#2798 = CARTESIAN_POINT('',(15.464213562373,-29.1875,0.));
#2799 = VECTOR('',#2800,1.);
#2800 = DIRECTION('',(0.,0.,1.));
#2801 = PLANE('',#2802);
#2802 = AXIS2_PLACEMENT_3D('',#2803,#2804,#2805);
#2803 = CARTESIAN_POINT('',(15.464213562373,-40.34,0.));
#2804 = DIRECTION('',(-1.,0.,0.));
#2805 = DIRECTION('',(0.,1.,0.));
#2806 = ADVANCED_FACE('',(#2807,#2864),#2867,.F.);
#2807 = FACE_BOUND('',#2808,.F.);
#2808 = EDGE_LOOP('',(#2809,#2810,#2818,#2826,#2834,#2842,#2850,#2858));
#2809 = ORIENTED_EDGE('',*,*,#2788,.F.);
#2810 = ORIENTED_EDGE('',*,*,#2811,.F.);
#2811 = EDGE_CURVE('',#2812,#2781,#2814,.T.);
#2812 = VERTEX_POINT('',#2813);
#2813 = CARTESIAN_POINT('',(28.165786437585,-40.34,7.));
#2814 = LINE('',#2815,#2816);
#2815 = CARTESIAN_POINT('',(28.165786437585,-40.34,7.));
#2816 = VECTOR('',#2817,1.);
#2817 = DIRECTION('',(-1.,5.6E-16,0.));
#2818 = ORIENTED_EDGE('',*,*,#2819,.F.);
#2819 = EDGE_CURVE('',#2820,#2812,#2822,.T.);
#2820 = VERTEX_POINT('',#2821);
#2821 = CARTESIAN_POINT('',(40.34,-28.16578643762,7.));
#2822 = LINE('',#2823,#2824);
#2823 = CARTESIAN_POINT('',(40.34,-28.16578643762,7.));
#2824 = VECTOR('',#2825,1.);
#2825 = DIRECTION('',(-0.707106781188,-0.707106781185,0.));
#2826 = ORIENTED_EDGE('',*,*,#2827,.F.);
#2827 = EDGE_CURVE('',#2828,#2820,#2830,.T.);
#2828 = VERTEX_POINT('',#2829);
#2829 = CARTESIAN_POINT('',(40.34,-7.165786437626,7.));
#2830 = LINE('',#2831,#2832);
#2831 = CARTESIAN_POINT('',(40.34,-7.165786437626,7.));
#2832 = VECTOR('',#2833,1.);
#2833 = DIRECTION('',(0.,-1.,0.));
#2834 = ORIENTED_EDGE('',*,*,#2835,.F.);
#2835 = EDGE_CURVE('',#2836,#2828,#2838,.T.);
#2836 = VERTEX_POINT('',#2837);
#2837 = CARTESIAN_POINT('',(32.165,-7.165786437626,7.));
#2838 = LINE('',#2839,#2840);
#2839 = CARTESIAN_POINT('',(32.165,-7.165786437626,7.));
#2840 = VECTOR('',#2841,1.);
#2841 = DIRECTION('',(1.,0.,0.));
#2842 = ORIENTED_EDGE('',*,*,#2843,.F.);
#2843 = EDGE_CURVE('',#2844,#2836,#2846,.T.);
#2844 = VERTEX_POINT('',#2845);
#2845 = CARTESIAN_POINT('',(32.165,-16.48671356241,7.));
#2846 = LINE('',#2847,#2848);
#2847 = CARTESIAN_POINT('',(32.165,-16.48671356241,7.));
#2848 = VECTOR('',#2849,1.);
#2849 = DIRECTION('',(0.,1.,0.));
#2850 = ORIENTED_EDGE('',*,*,#2851,.F.);
#2851 = EDGE_CURVE('',#2852,#2844,#2854,.T.);
#2852 = VERTEX_POINT('',#2853);
#2853 = CARTESIAN_POINT('',(19.464213562373,-29.1875,7.));
#2854 = LINE('',#2855,#2856);
#2855 = CARTESIAN_POINT('',(19.464213562373,-29.1875,7.));
#2856 = VECTOR('',#2857,1.);
#2857 = DIRECTION('',(0.707106781188,0.707106781185,0.));
#2858 = ORIENTED_EDGE('',*,*,#2859,.F.);
#2859 = EDGE_CURVE('',#2789,#2852,#2860,.T.);
#2860 = LINE('',#2861,#2862);
#2861 = CARTESIAN_POINT('',(15.464213562373,-29.1875,7.));
#2862 = VECTOR('',#2863,1.);
#2863 = DIRECTION('',(1.,0.,0.));
#2864 = FACE_BOUND('',#2865,.F.);
#2865 = EDGE_LOOP('',(#2866));
#2866 = ORIENTED_EDGE('',*,*,#2568,.T.);
#2867 = PLANE('',#2868);
#2868 = AXIS2_PLACEMENT_3D('',#2869,#2870,#2871);
#2869 = CARTESIAN_POINT('',(2.18E-15,-22.8112516036,7.));
#2870 = DIRECTION('',(0.,0.,1.));
#2871 = DIRECTION('',(1.,0.,0.));
#2872 = ADVANCED_FACE('',(#2873,#2921,#3019,#3029,#3032,#3035,#3038),
  #3041,.T.);
#2873 = FACE_BOUND('',#2874,.T.);
#2874 = EDGE_LOOP('',(#2875,#2876,#2877,#2878,#2879,#2880,#2881,#2882,
    #2883,#2884,#2885,#2886,#2887,#2888,#2889,#2890,#2891,#2892,#2893,
    #2894,#2895,#2896,#2897,#2898,#2899,#2900,#2901,#2902,#2903,#2904,
    #2905,#2906,#2907,#2908,#2909,#2910,#2911,#2912,#2913,#2914,#2915,
    #2916,#2917,#2918,#2919,#2920));
#2875 = ORIENTED_EDGE('',*,*,#1100,.F.);
#2876 = ORIENTED_EDGE('',*,*,#1173,.F.);
#2877 = ORIENTED_EDGE('',*,*,#1311,.T.);
#2878 = ORIENTED_EDGE('',*,*,#1342,.T.);
#2879 = ORIENTED_EDGE('',*,*,#1366,.T.);
#2880 = ORIENTED_EDGE('',*,*,#1687,.F.);
#2881 = ORIENTED_EDGE('',*,*,#1830,.F.);
#2882 = ORIENTED_EDGE('',*,*,#1861,.F.);
#2883 = ORIENTED_EDGE('',*,*,#1799,.F.);
#2884 = ORIENTED_EDGE('',*,*,#1784,.F.);
#2885 = ORIENTED_EDGE('',*,*,#1735,.F.);
#2886 = ORIENTED_EDGE('',*,*,#367,.F.);
#2887 = ORIENTED_EDGE('',*,*,#327,.F.);
#2888 = ORIENTED_EDGE('',*,*,#400,.F.);
#2889 = ORIENTED_EDGE('',*,*,#1599,.T.);
#2890 = ORIENTED_EDGE('',*,*,#1630,.T.);
#2891 = ORIENTED_EDGE('',*,*,#1654,.T.);
#2892 = ORIENTED_EDGE('',*,*,#1885,.T.);
#2893 = ORIENTED_EDGE('',*,*,#1933,.T.);
#2894 = ORIENTED_EDGE('',*,*,#1964,.T.);
#2895 = ORIENTED_EDGE('',*,*,#1997,.T.);
#2896 = ORIENTED_EDGE('',*,*,#2046,.T.);
#2897 = ORIENTED_EDGE('',*,*,#2092,.T.);
#2898 = ORIENTED_EDGE('',*,*,#2154,.T.);
#2899 = ORIENTED_EDGE('',*,*,#2123,.T.);
#2900 = ORIENTED_EDGE('',*,*,#2061,.T.);
#2901 = ORIENTED_EDGE('',*,*,#1502,.T.);
#2902 = ORIENTED_EDGE('',*,*,#1542,.T.);
#2903 = ORIENTED_EDGE('',*,*,#1566,.T.);
#2904 = ORIENTED_EDGE('',*,*,#2178,.T.);
#2905 = ORIENTED_EDGE('',*,*,#2226,.T.);
#2906 = ORIENTED_EDGE('',*,*,#2257,.T.);
#2907 = ORIENTED_EDGE('',*,*,#2290,.T.);
#2908 = ORIENTED_EDGE('',*,*,#2321,.T.);
#2909 = ORIENTED_EDGE('',*,*,#2354,.T.);
#2910 = ORIENTED_EDGE('',*,*,#1434,.T.);
#2911 = ORIENTED_EDGE('',*,*,#1473,.F.);
#2912 = ORIENTED_EDGE('',*,*,#1399,.F.);
#2913 = ORIENTED_EDGE('',*,*,#978,.T.);
#2914 = ORIENTED_EDGE('',*,*,#1009,.T.);
#2915 = ORIENTED_EDGE('',*,*,#1034,.T.);
#2916 = ORIENTED_EDGE('',*,*,#1059,.T.);
#2917 = ORIENTED_EDGE('',*,*,#1268,.F.);
#2918 = ORIENTED_EDGE('',*,*,#1235,.T.);
#2919 = ORIENTED_EDGE('',*,*,#1204,.F.);
#2920 = ORIENTED_EDGE('',*,*,#1140,.F.);
#2921 = FACE_BOUND('',#2922,.T.);
#2922 = EDGE_LOOP('',(#2923,#2933,#2941,#2949,#2957,#2965,#2973,#2981,
    #2989,#2997,#3005,#3013));
#2923 = ORIENTED_EDGE('',*,*,#2924,.T.);
#2924 = EDGE_CURVE('',#2925,#2927,#2929,.T.);
#2925 = VERTEX_POINT('',#2926);
#2926 = CARTESIAN_POINT('',(-32.165,-16.48671356241,0.));
#2927 = VERTEX_POINT('',#2928);
#2928 = CARTESIAN_POINT('',(-32.165,-7.165786437626,0.));
#2929 = LINE('',#2930,#2931);
#2930 = CARTESIAN_POINT('',(-32.165,-16.48671356241,0.));
#2931 = VECTOR('',#2932,1.);
#2932 = DIRECTION('',(0.,1.,0.));
#2933 = ORIENTED_EDGE('',*,*,#2934,.F.);
#2934 = EDGE_CURVE('',#2935,#2927,#2937,.T.);
#2935 = VERTEX_POINT('',#2936);
#2936 = CARTESIAN_POINT('',(-40.34,-7.165786437626,0.));
#2937 = LINE('',#2938,#2939);
#2938 = CARTESIAN_POINT('',(-40.34,-7.165786437626,0.));
#2939 = VECTOR('',#2940,1.);
#2940 = DIRECTION('',(1.,0.,0.));
#2941 = ORIENTED_EDGE('',*,*,#2942,.F.);
#2942 = EDGE_CURVE('',#2943,#2935,#2945,.T.);
#2943 = VERTEX_POINT('',#2944);
#2944 = CARTESIAN_POINT('',(-40.34,-28.16578643762,0.));
#2945 = LINE('',#2946,#2947);
#2946 = CARTESIAN_POINT('',(-40.34,-28.16578643762,0.));
#2947 = VECTOR('',#2948,1.);
#2948 = DIRECTION('',(0.,1.,0.));
#2949 = ORIENTED_EDGE('',*,*,#2950,.F.);
#2950 = EDGE_CURVE('',#2951,#2943,#2953,.T.);
#2951 = VERTEX_POINT('',#2952);
#2952 = CARTESIAN_POINT('',(-28.16578643758,-40.34,0.));
#2953 = LINE('',#2954,#2955);
#2954 = CARTESIAN_POINT('',(-28.16578643758,-40.34,0.));
#2955 = VECTOR('',#2956,1.);
#2956 = DIRECTION('',(-0.707106781188,0.707106781185,0.));
#2957 = ORIENTED_EDGE('',*,*,#2958,.F.);
#2958 = EDGE_CURVE('',#2959,#2951,#2961,.T.);
#2959 = VERTEX_POINT('',#2960);
#2960 = CARTESIAN_POINT('',(28.165786437585,-40.34,0.));
#2961 = LINE('',#2962,#2963);
#2962 = CARTESIAN_POINT('',(28.165786437585,-40.34,0.));
#2963 = VECTOR('',#2964,1.);
#2964 = DIRECTION('',(-1.,0.,0.));
#2965 = ORIENTED_EDGE('',*,*,#2966,.F.);
#2966 = EDGE_CURVE('',#2967,#2959,#2969,.T.);
#2967 = VERTEX_POINT('',#2968);
#2968 = CARTESIAN_POINT('',(40.34,-28.16578643762,0.));
#2969 = LINE('',#2970,#2971);
#2970 = CARTESIAN_POINT('',(40.34,-28.16578643762,0.));
#2971 = VECTOR('',#2972,1.);
#2972 = DIRECTION('',(-0.707106781188,-0.707106781185,0.));
#2973 = ORIENTED_EDGE('',*,*,#2974,.F.);
#2974 = EDGE_CURVE('',#2975,#2967,#2977,.T.);
#2975 = VERTEX_POINT('',#2976);
#2976 = CARTESIAN_POINT('',(40.34,-7.165786437626,0.));
#2977 = LINE('',#2978,#2979);
#2978 = CARTESIAN_POINT('',(40.34,-7.165786437626,0.));
#2979 = VECTOR('',#2980,1.);
#2980 = DIRECTION('',(0.,-1.,0.));
#2981 = ORIENTED_EDGE('',*,*,#2982,.F.);
#2982 = EDGE_CURVE('',#2983,#2975,#2985,.T.);
#2983 = VERTEX_POINT('',#2984);
#2984 = CARTESIAN_POINT('',(32.165,-7.165786437626,0.));
#2985 = LINE('',#2986,#2987);
#2986 = CARTESIAN_POINT('',(32.165,-7.165786437626,0.));
#2987 = VECTOR('',#2988,1.);
#2988 = DIRECTION('',(1.,0.,0.));
#2989 = ORIENTED_EDGE('',*,*,#2990,.F.);
#2990 = EDGE_CURVE('',#2991,#2983,#2993,.T.);
#2991 = VERTEX_POINT('',#2992);
#2992 = CARTESIAN_POINT('',(32.165,-16.48671356241,0.));
#2993 = LINE('',#2994,#2995);
#2994 = CARTESIAN_POINT('',(32.165,-16.48671356241,0.));
#2995 = VECTOR('',#2996,1.);
#2996 = DIRECTION('',(0.,1.,0.));
#2997 = ORIENTED_EDGE('',*,*,#2998,.F.);
#2998 = EDGE_CURVE('',#2999,#2991,#3001,.T.);
#2999 = VERTEX_POINT('',#3000);
#3000 = CARTESIAN_POINT('',(19.464213562373,-29.1875,0.));
#3001 = LINE('',#3002,#3003);
#3002 = CARTESIAN_POINT('',(19.464213562373,-29.1875,0.));
#3003 = VECTOR('',#3004,1.);
#3004 = DIRECTION('',(0.707106781188,0.707106781185,0.));
#3005 = ORIENTED_EDGE('',*,*,#3006,.F.);
#3006 = EDGE_CURVE('',#3007,#2999,#3009,.T.);
#3007 = VERTEX_POINT('',#3008);
#3008 = CARTESIAN_POINT('',(-19.46421356237,-29.1875,0.));
#3009 = LINE('',#3010,#3011);
#3010 = CARTESIAN_POINT('',(-19.46421356237,-29.1875,0.));
#3011 = VECTOR('',#3012,1.);
#3012 = DIRECTION('',(1.,0.,0.));
#3013 = ORIENTED_EDGE('',*,*,#3014,.F.);
#3014 = EDGE_CURVE('',#2925,#3007,#3015,.T.);
#3015 = LINE('',#3016,#3017);
#3016 = CARTESIAN_POINT('',(-32.165,-16.48671356241,0.));
#3017 = VECTOR('',#3018,1.);
#3018 = DIRECTION('',(0.707106781188,-0.707106781185,0.));
#3019 = FACE_BOUND('',#3020,.T.);
#3020 = EDGE_LOOP('',(#3021,#3022,#3023,#3024,#3025,#3026,#3027,#3028));
#3021 = ORIENTED_EDGE('',*,*,#441,.T.);
#3022 = ORIENTED_EDGE('',*,*,#472,.T.);
#3023 = ORIENTED_EDGE('',*,*,#560,.T.);
#3024 = ORIENTED_EDGE('',*,*,#606,.T.);
#3025 = ORIENTED_EDGE('',*,*,#685,.T.);
#3026 = ORIENTED_EDGE('',*,*,#663,.T.);
#3027 = ORIENTED_EDGE('',*,*,#591,.T.);
#3028 = ORIENTED_EDGE('',*,*,#505,.T.);
#3029 = FACE_BOUND('',#3030,.T.);
#3030 = EDGE_LOOP('',(#3031));
#3031 = ORIENTED_EDGE('',*,*,#169,.T.);
#3032 = FACE_BOUND('',#3033,.T.);
#3033 = EDGE_LOOP('',(#3034));
#3034 = ORIENTED_EDGE('',*,*,#87,.T.);
#3035 = FACE_BOUND('',#3036,.T.);
#3036 = EDGE_LOOP('',(#3037));
#3037 = ORIENTED_EDGE('',*,*,#128,.T.);
#3038 = FACE_BOUND('',#3039,.T.);
#3039 = EDGE_LOOP('',(#3040));
#3040 = ORIENTED_EDGE('',*,*,#46,.T.);
#3041 = PLANE('',#3042);
#3042 = AXIS2_PLACEMENT_3D('',#3043,#3044,#3045);
#3043 = CARTESIAN_POINT('',(2.76E-15,-5.16151210713E-03,0.));
#3044 = DIRECTION('',(-0.,-0.,-1.));
#3045 = DIRECTION('',(-1.,0.,0.));
#3046 = ADVANCED_FACE('',(#3047),#3063,.T.);
#3047 = FACE_BOUND('',#3048,.T.);
#3048 = EDGE_LOOP('',(#3049,#3055,#3056,#3062));
#3049 = ORIENTED_EDGE('',*,*,#3050,.T.);
#3050 = EDGE_CURVE('',#2925,#2663,#3051,.T.);
#3051 = LINE('',#3052,#3053);
#3052 = CARTESIAN_POINT('',(-32.165,-16.48671356241,0.));
#3053 = VECTOR('',#3054,1.);
#3054 = DIRECTION('',(0.,0.,1.));
#3055 = ORIENTED_EDGE('',*,*,#2670,.T.);
#3056 = ORIENTED_EDGE('',*,*,#3057,.F.);
#3057 = EDGE_CURVE('',#2927,#2671,#3058,.T.);
#3058 = LINE('',#3059,#3060);
#3059 = CARTESIAN_POINT('',(-32.165,-7.165786437626,0.));
#3060 = VECTOR('',#3061,1.);
#3061 = DIRECTION('',(0.,0.,1.));
#3062 = ORIENTED_EDGE('',*,*,#2924,.F.);
#3063 = PLANE('',#3064);
#3064 = AXIS2_PLACEMENT_3D('',#3065,#3066,#3067);
#3065 = CARTESIAN_POINT('',(-32.165,-11.82625000002,3.5));
#3066 = DIRECTION('',(-1.,-0.,-0.));
#3067 = DIRECTION('',(0.,0.,-1.));
#3068 = ADVANCED_FACE('',(#3069),#3080,.T.);
#3069 = FACE_BOUND('',#3070,.T.);
#3070 = EDGE_LOOP('',(#3071,#3072,#3073,#3079));
#3071 = ORIENTED_EDGE('',*,*,#3050,.F.);
#3072 = ORIENTED_EDGE('',*,*,#3014,.T.);
#3073 = ORIENTED_EDGE('',*,*,#3074,.T.);
#3074 = EDGE_CURVE('',#3007,#2655,#3075,.T.);
#3075 = LINE('',#3076,#3077);
#3076 = CARTESIAN_POINT('',(-19.46421356237,-29.1875,0.));
#3077 = VECTOR('',#3078,1.);
#3078 = DIRECTION('',(0.,0.,1.));
#3079 = ORIENTED_EDGE('',*,*,#2662,.T.);
#3080 = PLANE('',#3081);
#3081 = AXIS2_PLACEMENT_3D('',#3082,#3083,#3084);
#3082 = CARTESIAN_POINT('',(-25.81460678118,-22.8371067812,3.5));
#3083 = DIRECTION('',(-0.707106781185,-0.707106781188,-0.));
#3084 = DIRECTION('',(-0.707106781188,0.707106781185,0.));
#3085 = ADVANCED_FACE('',(#3086),#3097,.T.);
#3086 = FACE_BOUND('',#3087,.T.);
#3087 = EDGE_LOOP('',(#3088,#3089,#3090,#3091));
#3088 = ORIENTED_EDGE('',*,*,#2934,.T.);
#3089 = ORIENTED_EDGE('',*,*,#3057,.T.);
#3090 = ORIENTED_EDGE('',*,*,#2678,.T.);
#3091 = ORIENTED_EDGE('',*,*,#3092,.F.);
#3092 = EDGE_CURVE('',#2935,#2679,#3093,.T.);
#3093 = LINE('',#3094,#3095);
#3094 = CARTESIAN_POINT('',(-40.34,-7.165786437626,0.));
#3095 = VECTOR('',#3096,1.);
#3096 = DIRECTION('',(0.,0.,1.));
#3097 = PLANE('',#3098);
#3098 = AXIS2_PLACEMENT_3D('',#3099,#3100,#3101);
#3099 = CARTESIAN_POINT('',(-36.2525,-7.165786437626,3.5));
#3100 = DIRECTION('',(-0.,-1.,-0.));
#3101 = DIRECTION('',(0.,0.,-1.));
#3102 = ADVANCED_FACE('',(#3103),#3119,.T.);
#3103 = FACE_BOUND('',#3104,.T.);
#3104 = EDGE_LOOP('',(#3105,#3106,#3112,#3113));
#3105 = ORIENTED_EDGE('',*,*,#2982,.T.);
#3106 = ORIENTED_EDGE('',*,*,#3107,.T.);
#3107 = EDGE_CURVE('',#2975,#2828,#3108,.T.);
#3108 = LINE('',#3109,#3110);
#3109 = CARTESIAN_POINT('',(40.34,-7.165786437626,0.));
#3110 = VECTOR('',#3111,1.);
#3111 = DIRECTION('',(0.,0.,1.));
#3112 = ORIENTED_EDGE('',*,*,#2835,.F.);
#3113 = ORIENTED_EDGE('',*,*,#3114,.F.);
#3114 = EDGE_CURVE('',#2983,#2836,#3115,.T.);
#3115 = LINE('',#3116,#3117);
#3116 = CARTESIAN_POINT('',(32.165,-7.165786437626,0.));
#3117 = VECTOR('',#3118,1.);
#3118 = DIRECTION('',(0.,0.,1.));
#3119 = PLANE('',#3120);
#3120 = AXIS2_PLACEMENT_3D('',#3121,#3122,#3123);
#3121 = CARTESIAN_POINT('',(36.2525,-7.165786437626,3.5));
#3122 = DIRECTION('',(-0.,-1.,-0.));
#3123 = DIRECTION('',(0.,0.,-1.));
#3124 = ADVANCED_FACE('',(#3125),#3144,.T.);
#3125 = FACE_BOUND('',#3126,.T.);
#3126 = EDGE_LOOP('',(#3127,#3128,#3134,#3135,#3136,#3137,#3138,#3139,
    #3140,#3141,#3142,#3143));
#3127 = ORIENTED_EDGE('',*,*,#3006,.T.);
#3128 = ORIENTED_EDGE('',*,*,#3129,.T.);
#3129 = EDGE_CURVE('',#2999,#2852,#3130,.T.);
#3130 = LINE('',#3131,#3132);
#3131 = CARTESIAN_POINT('',(19.464213562373,-29.1875,0.));
#3132 = VECTOR('',#3133,1.);
#3133 = DIRECTION('',(0.,0.,1.));
#3134 = ORIENTED_EDGE('',*,*,#2859,.F.);
#3135 = ORIENTED_EDGE('',*,*,#2796,.F.);
#3136 = ORIENTED_EDGE('',*,*,#185,.F.);
#3137 = ORIENTED_EDGE('',*,*,#242,.T.);
#3138 = ORIENTED_EDGE('',*,*,#2759,.T.);
#3139 = ORIENTED_EDGE('',*,*,#2721,.F.);
#3140 = ORIENTED_EDGE('',*,*,#256,.F.);
#3141 = ORIENTED_EDGE('',*,*,#297,.T.);
#3142 = ORIENTED_EDGE('',*,*,#2654,.T.);
#3143 = ORIENTED_EDGE('',*,*,#3074,.F.);
#3144 = PLANE('',#3145);
#3145 = AXIS2_PLACEMENT_3D('',#3146,#3147,#3148);
#3146 = CARTESIAN_POINT('',(-2.5E-16,-29.1875,3.231800074289));
#3147 = DIRECTION('',(-0.,-1.,-0.));
#3148 = DIRECTION('',(0.,0.,-1.));
#3149 = ADVANCED_FACE('',(#3150),#3161,.T.);
#3150 = FACE_BOUND('',#3151,.T.);
#3151 = EDGE_LOOP('',(#3152,#3153,#3154,#3155));
#3152 = ORIENTED_EDGE('',*,*,#2942,.T.);
#3153 = ORIENTED_EDGE('',*,*,#3092,.T.);
#3154 = ORIENTED_EDGE('',*,*,#2686,.T.);
#3155 = ORIENTED_EDGE('',*,*,#3156,.F.);
#3156 = EDGE_CURVE('',#2943,#2687,#3157,.T.);
#3157 = LINE('',#3158,#3159);
#3158 = CARTESIAN_POINT('',(-40.34,-28.16578643762,0.));
#3159 = VECTOR('',#3160,1.);
#3160 = DIRECTION('',(0.,0.,1.));
#3161 = PLANE('',#3162);
#3162 = AXIS2_PLACEMENT_3D('',#3163,#3164,#3165);
#3163 = CARTESIAN_POINT('',(-40.34,-17.66578643762,3.5));
#3164 = DIRECTION('',(1.,0.,0.));
#3165 = DIRECTION('',(0.,0.,1.));
#3166 = ADVANCED_FACE('',(#3167),#3178,.T.);
#3167 = FACE_BOUND('',#3168,.T.);
#3168 = EDGE_LOOP('',(#3169,#3170,#3171,#3177));
#3169 = ORIENTED_EDGE('',*,*,#3129,.F.);
#3170 = ORIENTED_EDGE('',*,*,#2998,.T.);
#3171 = ORIENTED_EDGE('',*,*,#3172,.T.);
#3172 = EDGE_CURVE('',#2991,#2844,#3173,.T.);
#3173 = LINE('',#3174,#3175);
#3174 = CARTESIAN_POINT('',(32.165,-16.48671356241,0.));
#3175 = VECTOR('',#3176,1.);
#3176 = DIRECTION('',(0.,0.,1.));
#3177 = ORIENTED_EDGE('',*,*,#2851,.F.);
#3178 = PLANE('',#3179);
#3179 = AXIS2_PLACEMENT_3D('',#3180,#3181,#3182);
#3180 = CARTESIAN_POINT('',(25.814606781187,-22.8371067812,3.5));
#3181 = DIRECTION('',(0.707106781185,-0.707106781188,0.));
#3182 = DIRECTION('',(-0.707106781188,-0.707106781185,0.));
#3183 = ADVANCED_FACE('',(#3184),#3195,.T.);
#3184 = FACE_BOUND('',#3185,.T.);
#3185 = EDGE_LOOP('',(#3186,#3187,#3188,#3189));
#3186 = ORIENTED_EDGE('',*,*,#2950,.T.);
#3187 = ORIENTED_EDGE('',*,*,#3156,.T.);
#3188 = ORIENTED_EDGE('',*,*,#2694,.T.);
#3189 = ORIENTED_EDGE('',*,*,#3190,.F.);
#3190 = EDGE_CURVE('',#2951,#2695,#3191,.T.);
#3191 = LINE('',#3192,#3193);
#3192 = CARTESIAN_POINT('',(-28.16578643758,-40.34,0.));
#3193 = VECTOR('',#3194,1.);
#3194 = DIRECTION('',(0.,0.,1.));
#3195 = PLANE('',#3196);
#3196 = AXIS2_PLACEMENT_3D('',#3197,#3198,#3199);
#3197 = CARTESIAN_POINT('',(-34.25289321879,-34.25289321881,3.5));
#3198 = DIRECTION('',(0.707106781185,0.707106781188,0.));
#3199 = DIRECTION('',(0.707106781188,-0.707106781185,0.));
#3200 = ADVANCED_FACE('',(#3201),#3207,.T.);
#3201 = FACE_BOUND('',#3202,.T.);
#3202 = EDGE_LOOP('',(#3203,#3204,#3205,#3206));
#3203 = ORIENTED_EDGE('',*,*,#3172,.F.);
#3204 = ORIENTED_EDGE('',*,*,#2990,.T.);
#3205 = ORIENTED_EDGE('',*,*,#3114,.T.);
#3206 = ORIENTED_EDGE('',*,*,#2843,.F.);
#3207 = PLANE('',#3208);
#3208 = AXIS2_PLACEMENT_3D('',#3209,#3210,#3211);
#3209 = CARTESIAN_POINT('',(32.165,-11.82625000002,3.5));
#3210 = DIRECTION('',(1.,0.,0.));
#3211 = DIRECTION('',(0.,0.,1.));
#3212 = ADVANCED_FACE('',(#3213),#3232,.T.);
#3213 = FACE_BOUND('',#3214,.T.);
#3214 = EDGE_LOOP('',(#3215,#3216,#3217,#3218,#3219,#3220,#3221,#3222,
    #3223,#3224,#3225,#3226));
#3215 = ORIENTED_EDGE('',*,*,#2958,.T.);
#3216 = ORIENTED_EDGE('',*,*,#3190,.T.);
#3217 = ORIENTED_EDGE('',*,*,#2702,.T.);
#3218 = ORIENTED_EDGE('',*,*,#313,.F.);
#3219 = ORIENTED_EDGE('',*,*,#274,.F.);
#3220 = ORIENTED_EDGE('',*,*,#2737,.T.);
#3221 = ORIENTED_EDGE('',*,*,#2752,.T.);
#3222 = ORIENTED_EDGE('',*,*,#226,.F.);
#3223 = ORIENTED_EDGE('',*,*,#203,.F.);
#3224 = ORIENTED_EDGE('',*,*,#2780,.T.);
#3225 = ORIENTED_EDGE('',*,*,#2811,.F.);
#3226 = ORIENTED_EDGE('',*,*,#3227,.F.);
#3227 = EDGE_CURVE('',#2959,#2812,#3228,.T.);
#3228 = LINE('',#3229,#3230);
#3229 = CARTESIAN_POINT('',(28.165786437585,-40.34,0.));
#3230 = VECTOR('',#3231,1.);
#3231 = DIRECTION('',(0.,0.,1.));
#3232 = PLANE('',#3233);
#3233 = AXIS2_PLACEMENT_3D('',#3234,#3235,#3236);
#3234 = CARTESIAN_POINT('',(-3.4E-16,-40.34,3.295449634968));
#3235 = DIRECTION('',(0.,1.,-5.6E-16));
#3236 = DIRECTION('',(0.,5.6E-16,1.));
#3237 = ADVANCED_FACE('',(#3238),#3249,.T.);
#3238 = FACE_BOUND('',#3239,.T.);
#3239 = EDGE_LOOP('',(#3240,#3241,#3242,#3243));
#3240 = ORIENTED_EDGE('',*,*,#2966,.T.);
#3241 = ORIENTED_EDGE('',*,*,#3227,.T.);
#3242 = ORIENTED_EDGE('',*,*,#2819,.F.);
#3243 = ORIENTED_EDGE('',*,*,#3244,.F.);
#3244 = EDGE_CURVE('',#2967,#2820,#3245,.T.);
#3245 = LINE('',#3246,#3247);
#3246 = CARTESIAN_POINT('',(40.34,-28.16578643762,0.));
#3247 = VECTOR('',#3248,1.);
#3248 = DIRECTION('',(0.,0.,1.));
#3249 = PLANE('',#3250);
#3250 = AXIS2_PLACEMENT_3D('',#3251,#3252,#3253);
#3251 = CARTESIAN_POINT('',(34.252893218792,-34.25289321881,3.5));
#3252 = DIRECTION('',(-0.707106781185,0.707106781188,0.));
#3253 = DIRECTION('',(0.707106781188,0.707106781185,0.));
#3254 = ADVANCED_FACE('',(#3255),#3261,.T.);
#3255 = FACE_BOUND('',#3256,.T.);
#3256 = EDGE_LOOP('',(#3257,#3258,#3259,#3260));
#3257 = ORIENTED_EDGE('',*,*,#3107,.F.);
#3258 = ORIENTED_EDGE('',*,*,#2974,.T.);
#3259 = ORIENTED_EDGE('',*,*,#3244,.T.);
#3260 = ORIENTED_EDGE('',*,*,#2827,.F.);
#3261 = PLANE('',#3262);
#3262 = AXIS2_PLACEMENT_3D('',#3263,#3264,#3265);
#3263 = CARTESIAN_POINT('',(40.34,-17.66578643762,3.5));
#3264 = DIRECTION('',(-1.,-0.,-0.));
#3265 = DIRECTION('',(0.,0.,-1.));
#3266 = ( GEOMETRIC_REPRESENTATION_CONTEXT(3) 
GLOBAL_UNCERTAINTY_ASSIGNED_CONTEXT((#3270)) 
GLOBAL_UNIT_ASSIGNED_CONTEXT((#3267,#3268,#3269)) REPRESENTATION_CONTEXT
('Context #1','3D Context with UNIT and UNCERTAINTY') );
#3267 = ( LENGTH_UNIT() NAMED_UNIT(*) SI_UNIT(.MILLI.,.METRE.) );
#3268 = ( NAMED_UNIT(*) PLANE_ANGLE_UNIT() SI_UNIT($,.RADIAN.) );
#3269 = ( NAMED_UNIT(*) SI_UNIT($,.STERADIAN.) SOLID_ANGLE_UNIT() );
#3270 = UNCERTAINTY_MEASURE_WITH_UNIT(LENGTH_MEASURE(5.E-06),#3267,
  'distance_accuracy_value','confusion accuracy');
#3271 = PRODUCT_RELATED_PRODUCT_CATEGORY('part',$,(#7));
#3272 = MECHANICAL_DESIGN_GEOMETRIC_PRESENTATION_REPRESENTATION('',(
    #3273),#3266);
#3273 = STYLED_ITEM('color',(#3274),#15);
#3274 = PRESENTATION_STYLE_ASSIGNMENT((#3275,#3281));
#3275 = SURFACE_STYLE_USAGE(.BOTH.,#3276);
#3276 = SURFACE_SIDE_STYLE('',(#3277));
#3277 = SURFACE_STYLE_FILL_AREA(#3278);
#3278 = FILL_AREA_STYLE('',(#3279));
#3279 = FILL_AREA_STYLE_COLOUR('',#3280);
#3280 = COLOUR_RGB('',0.701960807317,1.176470617298E-02,0.568627474046);
#3281 = CURVE_STYLE('',#3282,POSITIVE_LENGTH_MEASURE(0.1),#3283);
#3282 = DRAUGHTING_PRE_DEFINED_CURVE_FONT('continuous');
#3283 = COLOUR_RGB('',9.803921802644E-02,9.803921802644E-02,
  9.803921802644E-02);
ENDSEC;
END-ISO-10303-21;
